,Unnamed: 0,Id,Shape,Weight,Clarity,Colour,Cut,Polish,Symmetry,Fluorescence,Messurements,Price,Data Url
0,0,1796876,CUSHION,0.71,VS2,G,GD,VG,VG,N,4.94-4.54×3.35,2514.75,https://capitalwholesalediamonds.com/product/0-71-ct-cushion-32/
1,1,1761484,CUSHION,0.41,VS2,H,EX,EX,VG,F,4.58-3.97×2.68,1052.41,https://capitalwholesalediamonds.com/product/0-41-ct-cushion-3/
2,2,1763861,CUSHION,0.7,SI1,I,VG,EX,VG,N,5.27-4.78×3.33,1889.13,https://capitalwholesalediamonds.com/product/0-7-ct-cushion-139/
3,3,1608444,CUSHION,0.51,VS1,K,EX,VG,VG,N,4.72-4.31×2.92,958.73,https://capitalwholesalediamonds.com/product/0-51-ct-cushion-39/
4,4,1777321,CUSHION,0.8,SI2,F,EX,EX,VG,N,5.32-5.11×3.44,2178.43,https://capitalwholesalediamonds.com/product/0-8-ct-cushion-192/
5,5,1636066,CUSHION,0.75,SI1,G,EX,EX,VG,N,5.18-4.99×3.39,2437.61,https://capitalwholesalediamonds.com/product/0-75-ct-cushion-14/
6,6,1788946,CUSHION,0.53,VS2,D,EX,EX,EX,N,5.00-4.35×2.95,1860.93,https://capitalwholesalediamonds.com/product/0-53-ct-cushion-34/
7,7,1636074,CUSHION,0.75,SI1,J,EX,EX,VG,N,5.31-4.99×3.39,1856.62,https://capitalwholesalediamonds.com/product/0-75-ct-cushion-24/
8,8,201143-199,CUSHION,1.1,I1,FANCY,EX,EX,EX,N,5.94-5.72×3.80,1875.97,https://capitalwholesalediamonds.com/product/1-1-ct-cushion/
9,9,1642238,CUSHION,0.81,VS2,K,EX,EX,EX,N,5.48-5.05×3.42,1887.86,https://capitalwholesalediamonds.com/product/0-81-ct-cushion-50/
10,10,1799591,CUSHION,0.73,SI2,D,EX,EX,VG,N,5.15-5.00×3.33,2494.52,https://capitalwholesalediamonds.com/product/0-73-ct-cushion-21/
11,11,1651014,CUSHION,0.55,VVS2,W-X,EX,EX,VG,N,4.67-4.42×2.99,1041.9,https://capitalwholesalediamonds.com/product/0-55-ct-cushion-2/
12,12,1621151,CUSHION,0.72,SI1,F,EX,EX,VG,N,5.41-4.92×3.21,1927.09,https://capitalwholesalediamonds.com/product/0-72-ct-cushion-16/
13,13,1608430,CUSHION,0.57,VVS1,L,EX,EX,VG,N,4.84-4.55×3.05,981.59,https://capitalwholesalediamonds.com/product/0-57-ct-cushion-3/
14,14,1717263,CUSHION,0.8,SI1,H,VG,EX,EX,N,5.63-4.82×3.36,1837.71,https://capitalwholesalediamonds.com/product/0-8-ct-cushion-208/
15,15,1631307,CUSHION,0.9,SI2,I,GD,EX,VG,N,5.46-5.21×3.72,2043.99,https://capitalwholesalediamonds.com/product/0-9-ct-cushion-78/
16,16,1664498,CUSHION,0.5,VS2,K,EX,VG,VG,F,5.10-4.21×2.76,1046.08,https://capitalwholesalediamonds.com/product/0-5-ct-cushion-68/
17,17,1606825,CUSHION,0.5,VVS1,L,VG,EX,VG,ST,4.72-4.23×2.95,822.17,https://capitalwholesalediamonds.com/product/0-5-ct-cushion-69/
18,18,1773464,CUSHION,0.81,SI2,J,VG,EX,EX,N,5.19-5.05×3.54,2056.1,https://capitalwholesalediamonds.com/product/0-81-ct-cushion-76/
19,19,1734201,CUSHION,0.75,SI1,G,EX,EX,EX,N,5.67-4.91×3.29,2074.78,https://capitalwholesalediamonds.com/product/0-75-ct-cushion-40/
20,20,210041-562,CUSHION,1.2,SI2,N,EX,EX,EX,M,6.07-5.84×3.93,2080.3,https://capitalwholesalediamonds.com/product/1-2-ct-cushion-102/
21,21,1631316,CUSHION,0.82,VS2,I,EX,EX,VG,N,5.37-5.19×3.51,2456.91,https://capitalwholesalediamonds.com/product/0-82-ct-cushion-10/
22,22,1604260,CUSHION,0.51,SI2,FANCY,EX,VG,VG,N,4.63-4.49×2.93,1044.18,https://capitalwholesalediamonds.com/product/0-51-ct-cushion-8/
23,23,1794043,CUSHION,0.5,VVS2,G,EX,EX,EX,N,4.53-4.42×3.00,1837.18,https://capitalwholesalediamonds.com/product/0-5-ct-cushion-139/
24,24,1656364,CUSHION,0.8,VS2,K,EX,EX,EX,N,5.19-5.08×3.45,1922.68,https://capitalwholesalediamonds.com/product/0-8-ct-cushion-154/
25,25,1784936,CUSHION,0.7,SI1,I,EX,EX,EX,F,5.26-4.79×3.25,1845.14,https://capitalwholesalediamonds.com/product/0-7-ct-cushion-136/
26,26,201001-136,CUSHION,1.6,SI2,FANCY,EX,VG,GD,N,6.50-6.26×4.23,2459.12,https://capitalwholesalediamonds.com/product/1-6-ct-cushion-3/
27,27,1646005,CUSHION,0.7,SI2,G,EX,EX,VG,N,5.27-4.79×3.25,2012.64,https://capitalwholesalediamonds.com/product/0-7-ct-cushion-44/
28,28,1632735,CUSHION,0.7,SI2,D,EX,EX,VG,N,5.58-4.85×3.23,2032.09,https://capitalwholesalediamonds.com/product/0-7-ct-cushion-78/
29,29,1665797,CUSHION,0.51,VS2,D,EX,EX,VG,N,4.98-4.19×2.85,1823.01,https://capitalwholesalediamonds.com/product/0-51-ct-cushion-46/
30,30,1773469,CUSHION,0.76,SI1,H,EX,EX,VG,N,5.64-4.91×3.33,2018.23,https://capitalwholesalediamonds.com/product/0-76-ct-cushion-13/
31,31,211139-477,CUSHION,1.0,VS1,M,VG,EX,GD,F,5.56-5.49×3.85,2096.43,https://capitalwholesalediamonds.com/product/1-ct-cushion-252/
32,32,1657713,CUSHION,0.51,VS1,J,EX,EX,VG,M,4.76-4.37×2.96,1129.73,https://capitalwholesalediamonds.com/product/0-51-ct-cushion-35/
33,33,211007-339,CUSHION,1.03,VS2,U-V,EX,EX,VG,N,5.88-5.54×3.72,2515.78,https://capitalwholesalediamonds.com/product/1-03-ct-cushion-10/
34,34,1779754,CUSHION,0.44,SI1,D,EX,VG,GD,M,4.95-4.00×2.68,1059.29,https://capitalwholesalediamonds.com/product/0-44-ct-cushion/
35,35,200624-198,CUSHION,1.01,SI2,L,EX,EX,EX,N,5.68-5.58×3.75,1947.97,https://capitalwholesalediamonds.com/product/1-01-ct-cushion-100/
36,36,1778454,CUSHION,0.7,VS2,I,EX,EX,VG,N,5.19-4.73×3.21,2167.1,https://capitalwholesalediamonds.com/product/0-7-ct-cushion-134/
37,37,200758-47,CUSHION,1.0,SI1,K,EX,EX,EX,ST,5.57-5.57×3.77,2126.49,https://capitalwholesalediamonds.com/product/1-ct-cushion-97/
38,38,1781753,CUSHION,0.9,SI1,FANCY,VG,EX,GD,M,5.12-4.95×3.90,2516.07,https://capitalwholesalediamonds.com/product/0-9-ct-cushion-122/
39,39,1656366,CUSHION,0.7,VS1,I,EX,EX,VG,F,5.25-4.82×3.23,1975.12,https://capitalwholesalediamonds.com/product/0-7-ct-cushion-56/
40,40,211187-35,CUSHION,1.2,SI2,L,GD,VG,VG,SL,5.82-5.79×3.99,1849.9,https://capitalwholesalediamonds.com/product/1-2-ct-cushion-132/
41,41,1769463,CUSHION,0.4,VS2,I,EX,EX,VG,N,4.78-3.89×2.64,1065.38,https://capitalwholesalediamonds.com/product/0-4-ct-cushion-3/
42,42,1796910,CUSHION,0.34,VS1,H,EX,EX,VG,N,4.22-3.84×2.56,1050.5,https://capitalwholesalediamonds.com/product/0-34-ct-cushion-2/
43,43,1665796,CUSHION,0.5,VS1,K,EX,EX,VG,F,4.93-4.28×2.86,963.05,https://capitalwholesalediamonds.com/product/0-5-ct-cushion-66/
44,44,210454-288,CUSHION,0.96,SI2,FANCY,EX,EX,GD,M,5.34-5.30×3.60,1801.4,https://capitalwholesalediamonds.com/product/0-96-ct-cushion-35/
45,45,1593533,CUSHION,0.7,SI1,F,EX,VG,VG,N,5.22-4.78×3.24,2094.68,https://capitalwholesalediamonds.com/product/0-7-ct-cushion-36/
46,46,1549891,CUSHION,0.72,I1,FANCY,EX,VG,GD,M,5.55-4.67×3.17,1054.14,https://capitalwholesalediamonds.com/product/0-72-ct-cushion-6/
47,47,200753-97,CUSHION,1.5,SI2,W-X,VG,VG,GD,M,6.69-5.96×4.16,2435.5,https://capitalwholesalediamonds.com/product/1-5-ct-cushion-8/
48,48,1596261,CUSHION,0.81,SI1,G,EX,EX,VG,N,5.46-5.18×3.50,2435.56,https://capitalwholesalediamonds.com/product/0-81-ct-cushion-18/
49,49,1606842,CUSHION,0.5,VS1,K,VG,EX,VG,N,5.00-4.19×2.86,871.43,https://capitalwholesalediamonds.com/product/0-5-ct-cushion-64/
50,50,1581580,CUSHION,0.8,VS2,I,EX,EX,EX,N,5.58-5.10×3.43,2491.37,https://capitalwholesalediamonds.com/product/0-8-ct-cushion-90/
51,51,210179-189,CUSHION,1.11,VS2,FANCY,EX,EX,VG,F,6.01-5.62×3.60,1928.53,https://capitalwholesalediamonds.com/product/1-11-ct-cushion-4/
52,52,1771083,CUSHION,0.43,SI1,M,EX,EX,VG,M,4.38-4.34×2.72,683.22,https://capitalwholesalediamonds.com/product/0-43-ct-cushion/
53,53,1615087,CUSHION,0.52,VS1,L,EX,EX,VG,F,4.76-4.33×2.94,906.83,https://capitalwholesalediamonds.com/product/0-52-ct-cushion-23/
54,54,1648834,CUSHION,0.7,SI2,E,VG,EX,VG,N,4.99-4.83×3.37,2053.78,https://capitalwholesalediamonds.com/product/0-7-ct-cushion-26/
55,55,1668180,CUSHION,0.83,VS2,K,EX,EX,VG,F,5.29-5.25×3.55,2067.92,https://capitalwholesalediamonds.com/product/0-83-ct-cushion-11/
56,56,1664498,CUSHION,0.5,VS2,K,EX,VG,VG,F,5.10-4.21×2.76,1046.08,https://capitalwholesalediamonds.com/product/0-5-ct-cushion-68/
57,57,1759256,CUSHION,0.7,SI2,E,EX,EX,VG,N,5.69-4.68×3.13,1884.5,https://capitalwholesalediamonds.com/product/0-7-ct-cushion-102/
58,58,1622484,CUSHION,0.55,VVS1,K,EX,EX,VG,N,4.74-4.48×3.04,1075.21,https://capitalwholesalediamonds.com/product/0-55-ct-cushion-9/
59,59,210530-588,CUSHION,1.01,VS1,Q-R,GD,EX,VG,M,5.60-5.06×4.07,1918.65,https://capitalwholesalediamonds.com/product/1-01-ct-cushion-116/
60,60,1645987,CUSHION,0.8,VS2,J,VG,EX,VG,F,5.34-5.05×3.53,2095.55,https://capitalwholesalediamonds.com/product/0-8-ct-cushion-129/
61,61,1798209,CUSHION,0.55,VS2,O-P,EX,EX,EX,N,4.63-4.57×3.10,1067.66,https://capitalwholesalediamonds.com/product/0-55-ct-cushion-10/
62,62,210106-130,CUSHION,1.02,SI1,FANCY,EX,EX,EX,F,6.51-5.28×3.58,1105.68,https://capitalwholesalediamonds.com/product/1-02-ct-cushion-37/
63,63,1631315,CUSHION,0.83,VS2,I,EX,EX,VG,N,5.83-5.05×3.38,2181.55,https://capitalwholesalediamonds.com/product/0-83-ct-cushion-9/
64,64,1651015,CUSHION,0.51,VS1,K,EX,EX,VG,F,4.76-4.35×2.95,932.19,https://capitalwholesalediamonds.com/product/0-51-ct-cushion-38/
65,65,1584362,CUSHION,0.9,SI2,I,GD,VG,VG,N,5.75-5.03×3.61,2462.49,https://capitalwholesalediamonds.com/product/0-9-ct-cushion-79/
66,66,1585633,CUSHION,0.8,VS2,J,EX,EX,GD,N,5.15-5.15×3.50,1893.79,https://capitalwholesalediamonds.com/product/0-8-ct-cushion-135/
67,67,1670930,CUSHION,0.7,VVS2,FANCY,VG,EX,VG,M,5.26-4.73×3.30,1888.93,https://capitalwholesalediamonds.com/product/0-7-ct-cushion-3/
68,68,1740864,CUSHION,0.53,SI1,FANCY,EX,EX,VG,M,4.58-4.47×2.94,994.55,https://capitalwholesalediamonds.com/product/0-53-ct-cushion-21/
69,69,1601275,CUSHION,0.7,VVS2,FANCY,EX,EX,VG,N,5.53-4.56×3.06,1898.61,https://capitalwholesalediamonds.com/product/0-7-ct-cushion-5/
70,70,200761-156,CUSHION,1.1,VVS2,W-X,EX,EX,VG,F,6.06-5.56×3.77,2508.71,https://capitalwholesalediamonds.com/product/1-1-ct-cushion-4/
71,71,1796887,CUSHION,0.52,VS1,E,EX,EX,EX,N,4.82-4.40×2.93,1788.1,https://capitalwholesalediamonds.com/product/0-52-ct-cushion-30/
72,72,1636067,CUSHION,0.75,SI1,G,EX,EX,VG,N,5.32-5.03×3.38,2437.61,https://capitalwholesalediamonds.com/product/0-75-ct-cushion-16/
73,73,1782541,CUSHION,0.7,VS2,E,VG,EX,VG,M,5.14-4.89×3.27,2513.76,https://capitalwholesalediamonds.com/product/0-7-ct-cushion-99/
74,74,1793044,CUSHION,0.65,SI1,D,EX,EX,VG,N,5.21-4.74×3.21,2053.86,https://capitalwholesalediamonds.com/product/0-65-ct-cushion-5/
75,75,1668188,CUSHION,0.5,VS1,L,VG,EX,VG,F,4.67-4.42×2.97,918.96,https://capitalwholesalediamonds.com/product/0-5-ct-cushion-70/
76,76,1601292,CUSHION,0.66,I2,FANCY,EX,VG,VG,F,5.00-4.73×3.15,1014.51,https://capitalwholesalediamonds.com/product/0-66-ct-cushion-3/
77,77,1642237,CUSHION,0.8,VS2,J,VG,EX,GD,N,5.20-5.19×3.50,2076.37,https://capitalwholesalediamonds.com/product/0-8-ct-cushion-133/
78,78,1800392,CUSHION,0.63,SI1,FANCY,EX,EX,VG,F,4.85-4.56×3.18,1799.83,https://capitalwholesalediamonds.com/product/0-63-ct-cushion-5/
79,79,1606855,CUSHION,0.51,VS2,J,EX,EX,EX,N,4.60-4.43×3.00,1131.6,https://capitalwholesalediamonds.com/product/0-51-ct-cushion-36/
80,80,201232-414,CUSHION,1.01,SI2,G,EX,VG,VG,ST,6.29-5.46×3.66,2436.86,https://capitalwholesalediamonds.com/product/1-01-ct-cushion-63/
81,81,1796910,CUSHION,0.34,VS1,H,EX,EX,VG,N,4.22-3.84×2.56,1050.5,https://capitalwholesalediamonds.com/product/0-34-ct-cushion-2/
82,82,200673-165,CUSHION,1.01,VS2,W-X,EX,EX,VG,N,5.51-5.45×3.71,1816.85,https://capitalwholesalediamonds.com/product/1-01-ct-cushion-37/
83,83,1778463,CUSHION,0.42,SI1,J,EX,EX,VG,N,4.70-3.98×2.69,927.84,https://capitalwholesalediamonds.com/product/0-42-ct-cushion-2/
84,84,1799872,EMERALD,0.3,VS1,K,VG,VG,VG,F,4.44-3.12×2.16,660.47,https://capitalwholesalediamonds.com/product/0-3-ct-emerald-353/
85,85,1794409,EMERALD,0.31,VS2,E,VG,VG,GD,F,4.53-3.43×2.21,948.41,https://capitalwholesalediamonds.com/product/0-31-ct-emerald-69/
86,86,1743069,EMERALD,0.3,VS1,F,VG,EX,GD,N,4.23-3.20×2.19,887.11,https://capitalwholesalediamonds.com/product/0-3-ct-emerald-213/
87,87,1797261,EMERALD,0.32,VS2,F,EX,GD,GD,M,4.34-3.28×2.29,942.11,https://capitalwholesalediamonds.com/product/0-32-ct-emerald-74/
88,88,1762874,EMERALD,0.33,VS1,H,EX,EX,VG,F,4.94-3.23×2.13,877.85,https://capitalwholesalediamonds.com/product/0-33-ct-emerald-61/
89,89,1771227,EMERALD,0.32,VS2,D,VG,VG,GD,F,4.68-3.12×2.23,951.84,https://capitalwholesalediamonds.com/product/0-32-ct-emerald-141/
90,90,1787852,EMERALD,0.31,SI1,E,EX,VG,VG,N,4.46-3.30×2.25,950.51,https://capitalwholesalediamonds.com/product/0-31-ct-emerald-79/
91,91,1773501,EMERALD,0.3,VS1,F,VG,VG,GD,N,4.73-3.15×2.07,896.24,https://capitalwholesalediamonds.com/product/0-3-ct-emerald-208/
92,92,1774231,EMERALD,0.3,VVS2,I,EX,EX,VG,N,4.50-3.29×2.16,822.73,https://capitalwholesalediamonds.com/product/0-3-ct-emerald-338/
93,93,1787838,EMERALD,0.3,VS1,F,VG,VG,VG,N,4.88-3.25×2.18,934.76,https://capitalwholesalediamonds.com/product/0-3-ct-emerald-191/
94,94,1531980,EMERALD,0.52,VVS2,N,EX,EX,EX,N,5.78-3.72×2.44,825.06,https://capitalwholesalediamonds.com/product/0-52-ct-emerald-63/
95,95,1791756,EMERALD,0.3,VS2,F,EX,EX,GD,N,4.64-3.18×2.08,950.98,https://capitalwholesalediamonds.com/product/0-3-ct-emerald-240/
96,96,1747056,EMERALD,0.3,VS2,G,EX,EX,VG,N,4.48-3.31×2.23,895.7,https://capitalwholesalediamonds.com/product/0-3-ct-emerald-302/
97,97,1773506,EMERALD,0.3,VS2,D,VG,EX,VG,N,4.79-3.19×1.99,947.95,https://capitalwholesalediamonds.com/product/0-3-ct-emerald-519/
98,98,1787850,EMERALD,0.3,VS2,K,VG,EX,VG,N,4.46-3.35×2.24,645.28,https://capitalwholesalediamonds.com/product/0-3-ct-emerald-354/
99,99,1800671,EMERALD,0.3,VS2,D,VG,EX,GD,N,4.80-3.17×2.13,942.85,https://capitalwholesalediamonds.com/product/0-3-ct-emerald-494/
100,100,1793116,EMERALD,0.3,VS1,E,EX,VG,GD,F,4.54-3.16×2.14,949.02,https://capitalwholesalediamonds.com/product/0-3-ct-emerald-68/
101,101,1756433,EMERALD,0.31,VS2,D,EX,VG,VG,F,4.59-3.23×2.16,937.93,https://capitalwholesalediamonds.com/product/0-31-ct-emerald-225/
102,102,1800650,EMERALD,0.3,VS1,D,VG,EX,GD,N,4.49-3.30×2.13,944.88,https://capitalwholesalediamonds.com/product/0-3-ct-emerald-478/
103,103,1778539,EMERALD,0.3,SI1,E,VG,GD,GD,N,4.81-3.09×2.08,864.79,https://capitalwholesalediamonds.com/product/0-3-ct-emerald-152/
104,104,1785125,EMERALD,0.3,SI1,G,VG,VG,GD,F,4.44-3.21×2.20,870.35,https://capitalwholesalediamonds.com/product/0-3-ct-emerald-315/
105,105,1781336,EMERALD,0.3,SI1,E,EX,VG,GD,N,4.51-3.33×2.31,837.46,https://capitalwholesalediamonds.com/product/0-3-ct-emerald-149/
106,106,1782708,EMERALD,0.3,IF,I,EX,EX,VG,N,4.48-3.30×2.17,842.48,https://capitalwholesalediamonds.com/product/0-3-ct-emerald-336/
107,107,1791758,EMERALD,0.3,VS2,F,VG,VG,GD,N,4.59-3.15×2.12,942.88,https://capitalwholesalediamonds.com/product/0-3-ct-emerald-255/
108,108,1799788,EMERALD,0.41,VS2,L,EX,EX,VG,M,5.34-3.49×2.24,834.12,https://capitalwholesalediamonds.com/product/0-41-ct-emerald-150/
109,109,1622516,EMERALD,0.5,SI1,L,VG,EX,VG,N,5.87-3.75×2.34,859.31,https://capitalwholesalediamonds.com/product/0-5-ct-emerald-383/
110,110,1791737,EMERALD,0.42,VS2,K,EX,EX,GD,F,4.91-3.63×2.43,878.23,https://capitalwholesalediamonds.com/product/0-42-ct-emerald-76/
111,111,1800673,EMERALD,0.3,VS2,D,VG,VG,FR,F,4.65-3.12×2.08,895.75,https://capitalwholesalediamonds.com/product/0-3-ct-emerald-509/
112,112,1799822,EMERALD,0.33,VVS2,H,EX,GD,GD,N,4.69-3.25×2.39,951.5,https://capitalwholesalediamonds.com/product/0-33-ct-emerald-59/
113,113,1799926,EMERALD,0.29,VS2,D,GD,VG,GD,N,4.31-3.26×2.22,869.3,https://capitalwholesalediamonds.com/product/0-29-ct-emerald-10/
114,114,1766907,EMERALD,0.3,VS2,E,EX,EX,GD,N,4.48-3.31×2.07,947.99,https://capitalwholesalediamonds.com/product/0-3-ct-emerald-108/
115,115,1750240,EMERALD,0.32,VS1,G,VG,VG,GD,N,5.01-3.19×2.02,939.44,https://capitalwholesalediamonds.com/product/0-32-ct-emerald-79/
116,116,1793125,EMERALD,0.31,VS2,E,GD,VG,GD,N,4.93-3.15×2.01,936.34,https://capitalwholesalediamonds.com/product/0-31-ct-emerald-76/
117,117,1785121,EMERALD,0.3,SI1,D,EX,VG,VG,M,4.69-3.29×2.03,868.32,https://capitalwholesalediamonds.com/product/0-3-ct-emerald-531/
118,118,1781337,EMERALD,0.39,SI1,F,VG,EX,GD,M,5.34-3.54×2.19,878.5,https://capitalwholesalediamonds.com/product/0-39-ct-emerald-4/
119,119,1765015,EMERALD,0.31,VS1,G,EX,VG,GD,N,4.39-3.25×2.21,942.11,https://capitalwholesalediamonds.com/product/0-31-ct-emerald-134/
120,120,1793122,EMERALD,0.3,VS1,I,VG,EX,VG,N,4.48-3.38×2.20,838.92,https://capitalwholesalediamonds.com/product/0-3-ct-emerald-342/
121,121,1730663,EMERALD,0.29,VS2,E,VG,GD,GD,N,4.47-3.23×2.22,851.66,https://capitalwholesalediamonds.com/product/0-29-ct-emerald-5/
122,122,1791757,EMERALD,0.3,VS2,F,EX,VG,GD,N,4.95-3.14×2.04,950.98,https://capitalwholesalediamonds.com/product/0-3-ct-emerald-259/
123,123,1763914,EMERALD,0.3,VVS2,H,VG,VG,VG,N,4.56-3.03×2.12,880.57,https://capitalwholesalediamonds.com/product/0-3-ct-emerald-326/
124,124,1771247,EMERALD,0.3,SI1,F,VG,EX,FR,F,4.52-3.41×2.11,776.59,https://capitalwholesalediamonds.com/product/0-3-ct-emerald-263/
125,125,1791033,EMERALD,0.33,IF,K,EX,EX,GD,N,4.56-3.38×2.29,749.58,https://capitalwholesalediamonds.com/product/0-33-ct-emerald-67/
126,126,1797255,EMERALD,0.34,VVS2,K,EX,EX,VG,N,4.63-3.31×2.26,755.16,https://capitalwholesalediamonds.com/product/0-34-ct-emerald-38/
127,127,1799922,EMERALD,0.3,SI1,G,VG,EX,GD,N,4.41-3.25×2.22,888.1,https://capitalwholesalediamonds.com/product/0-3-ct-emerald-317/
128,128,1798574,EMERALD,0.31,VVS1,I,EX,EX,VG,N,4.81-3.13×2.01,877.65,https://capitalwholesalediamonds.com/product/0-31-ct-emerald-155/
129,129,1763921,EMERALD,0.3,VS1,D,EX,EX,VG,F,4.90-3.14×2.05,941.33,https://capitalwholesalediamonds.com/product/0-3-ct-emerald-464/
130,130,1791753,EMERALD,0.3,VS2,E,VG,VG,GD,N,4.63-3.16×2.00,943.43,https://capitalwholesalediamonds.com/product/0-3-ct-emerald-135/
131,131,1795788,EMERALD,0.31,VS1,G,EX,EX,GD,F,4.82-3.19×2.03,949.43,https://capitalwholesalediamonds.com/product/0-31-ct-emerald-132/
132,132,1763914,EMERALD,0.3,VVS2,H,VG,VG,VG,N,4.56-3.03×2.12,880.57,https://capitalwholesalediamonds.com/product/0-3-ct-emerald-326/
133,133,1789870,EMERALD,0.3,VS1,D,EX,VG,VG,M,4.75-3.13×2.04,942.34,https://capitalwholesalediamonds.com/product/0-3-ct-emerald-459/
134,134,1765013,EMERALD,0.3,VS1,E,VG,EX,GD,N,4.41-3.31×2.20,897.78,https://capitalwholesalediamonds.com/product/0-3-ct-emerald-93/
135,135,1772565,EMERALD,0.3,VS2,F,EX,EX,VG,F,4.51-3.32×2.18,936.33,https://capitalwholesalediamonds.com/product/0-3-ct-emerald-239/
136,136,1791738,EMERALD,0.4,VS2,K,EX,VG,VG,N,4.97-3.67×2.33,881.57,https://capitalwholesalediamonds.com/product/0-4-ct-emerald-360/
137,137,1791763,EMERALD,0.3,VS2,K,EX,VG,GD,F,4.49-3.34×2.12,649.84,https://capitalwholesalediamonds.com/product/0-3-ct-emerald-355/
138,138,1793133,EMERALD,0.3,SI1,F,VG,EX,GD,N,4.25-3.20×2.22,879.02,https://capitalwholesalediamonds.com/product/0-3-ct-emerald-264/
139,139,1799830,EMERALD,0.33,VS1,D,EX,GD,FR,M,4.54-3.47×2.19,950.91,https://capitalwholesalediamonds.com/product/0-33-ct-emerald-80/
140,140,1746072,EMERALD,0.32,VVS2,H,EX,EX,VG,N,4.54-3.35×2.24,890.17,https://capitalwholesalediamonds.com/product/0-32-ct-emerald-87/
141,141,1798514,EMERALD,0.4,VVS1,K,VG,EX,GD,N,5.02-3.61×2.35,941.7,https://capitalwholesalediamonds.com/product/0-4-ct-emerald-356/
142,142,1793136,EMERALD,0.31,SI2,G,EX,VG,VG,F,4.77-3.26×2.02,761.35,https://capitalwholesalediamonds.com/product/0-31-ct-emerald-141/
143,143,1793133,EMERALD,0.3,SI1,F,VG,EX,GD,N,4.25-3.20×2.22,879.02,https://capitalwholesalediamonds.com/product/0-3-ct-emerald-264/
144,144,1778538,EMERALD,0.3,SI1,E,EX,EX,GD,N,4.81-3.21×2.03,887.59,https://capitalwholesalediamonds.com/product/0-3-ct-emerald-150/
145,145,1800660,EMERALD,0.3,VS1,F,VG,EX,GD,N,4.57-3.28×2.05,937.85,https://capitalwholesalediamonds.com/product/0-3-ct-emerald-219/
146,146,1781335,EMERALD,0.33,SI1,E,EX,VG,FR,N,4.85-3.30×2.02,946.47,https://capitalwholesalediamonds.com/product/0-33-ct-emerald-32/
147,147,1798529,EMERALD,0.4,VVS2,M,EX,VG,GD,N,4.91-3.60×2.45,736.16,https://capitalwholesalediamonds.com/product/0-4-ct-emerald-361/
148,148,1791065,EMERALD,0.3,SI1,F,VG,VG,GD,N,4.78-3.23×1.99,879.02,https://capitalwholesalediamonds.com/product/0-3-ct-emerald-261/
149,149,1638195,EMERALD,0.52,SI1,L,EX,EX,VG,F,5.64-3.67×2.50,887.08,https://capitalwholesalediamonds.com/product/0-52-ct-emerald-48/
150,150,1789865,EMERALD,0.3,VVS2,J,VG,VG,VG,F,4.47-3.24×2.20,723.84,https://capitalwholesalediamonds.com/product/0-3-ct-emerald-350/
151,151,1794396,EMERALD,0.32,VVS2,M,EX,VG,GD,N,4.50-3.27×2.21,662.5,https://capitalwholesalediamonds.com/product/0-32-ct-emerald-100/
152,152,1794408,EMERALD,0.31,VS1,I,EX,EX,GD,N,4.52-3.25×2.22,865.62,https://capitalwholesalediamonds.com/product/0-31-ct-emerald-156/
153,153,1793100,EMERALD,0.41,VS2,K,VG,VG,VG,N,5.31-3.52×2.13,865.36,https://capitalwholesalediamonds.com/product/0-41-ct-emerald-148/
154,154,1791050,EMERALD,0.35,VS1,K,EX,VG,VG,N,4.72-3.34×2.26,727.26,https://capitalwholesalediamonds.com/product/0-35-ct-emerald-27/
155,155,1782707,EMERALD,0.33,IF,I,EX,VG,GD,N,4.98-3.20×2.12,876.25,https://capitalwholesalediamonds.com/product/0-33-ct-emerald-63/
156,156,1800644,EMERALD,0.31,VVS2,H,VG,EX,GD,N,4.39-3.32×2.29,949.43,https://capitalwholesalediamonds.com/product/0-31-ct-emerald-143/
157,157,1750231,EMERALD,0.31,VVS2,D,EX,GD,GD,F,4.63-3.53×2.16,876.6,https://capitalwholesalediamonds.com/product/0-31-ct-emerald-179/
158,158,1779820,EMERALD,0.3,VS2,F,GD,VG,GD,N,4.31-3.26×2.26,876.52,https://capitalwholesalediamonds.com/product/0-3-ct-emerald-252/
159,159,1798528,EMERALD,0.4,VVS2,K,EX,EX,VG,N,4.84-3.65×2.46,941.74,https://capitalwholesalediamonds.com/product/0-4-ct-emerald-357/
160,160,1761618,EMERALD,0.3,VS2,D,EX,VG,GD,N,4.58-3.54×2.23,937.36,https://capitalwholesalediamonds.com/product/0-3-ct-emerald-491/
161,161,1799871,EMERALD,0.3,VS1,I,VG,VG,VG,N,4.77-3.17×1.98,874.44,https://capitalwholesalediamonds.com/product/0-3-ct-emerald-343/
162,162,1789064,EMERALD,0.31,VS1,G,VG,EX,VG,F,4.33-3.27×2.27,945.76,https://capitalwholesalediamonds.com/product/0-31-ct-emerald-129/
163,163,1779822,EMERALD,0.32,SI1,D,EX,EX,VG,F,4.57-3.46×2.18,938.34,https://capitalwholesalediamonds.com/product/0-32-ct-emerald-151/
164,164,1789882,EMERALD,0.3,VS2,I,VG,EX,GD,N,4.41-3.36×2.27,736.01,https://capitalwholesalediamonds.com/product/0-3-ct-emerald-346/
165,165,1763939,EMERALD,0.31,VS2,E,EX,EX,VG,M,4.72-3.21×2.17,877.13,https://capitalwholesalediamonds.com/product/0-31-ct-emerald-64/
166,166,1791042,EMERALD,0.3,VS1,D,VG,EX,VG,F,4.86-3.11×2.01,951.98,https://capitalwholesalediamonds.com/product/0-3-ct-emerald-434/
167,167,1791065,EMERALD,0.3,SI1,F,VG,VG,GD,N,4.78-3.23×1.99,879.02,https://capitalwholesalediamonds.com/product/0-3-ct-emerald-261/
168,168,1799920,EMERALD,0.3,SI1,F,VG,VG,VG,N,4.44-3.30×2.13,897.27,https://capitalwholesalediamonds.com/product/0-3-ct-emerald-269/
169,169,1785242,HEART,0.3,VS1,D,VG,VG,GD,M,4.11-4.66×2.64,971.75,https://capitalwholesalediamonds.com/product/0-3-ct-heart-463/
170,170,1769675,HEART,0.3,SI1,E,VG,VG,GD,N,4.27-4.69×2.63,880.52,https://capitalwholesalediamonds.com/product/0-3-ct-heart-115/
171,171,1800750,HEART,0.33,VS1,I,EX,VG,GD,F,4.25-4.71×2.64,999.5,https://capitalwholesalediamonds.com/product/0-33-ct-heart-54/
172,172,1800032,HEART,0.3,VS2,G,GD,VG,GD,N,3.98-4.70×2.61,974.3,https://capitalwholesalediamonds.com/product/0-3-ct-heart-300/
173,173,1800788,HEART,0.32,SI2,F,EX,EX,EX,N,4.22-4.68×2.71,924.26,https://capitalwholesalediamonds.com/product/0-32-ct-heart-55/
174,174,1787978,HEART,0.3,SI2,D,VG,EX,VG,N,4.33-4.61×2.56,886.62,https://capitalwholesalediamonds.com/product/0-3-ct-heart-536/
175,175,1800752,HEART,0.3,VS1,I,EX,EX,VG,N,4.06-4.70×2.71,945.96,https://capitalwholesalediamonds.com/product/0-3-ct-heart-378/
176,176,1767973,HEART,0.3,SI1,D,VG,EX,VG,N,3.83-4.59×2.75,958.57,https://capitalwholesalediamonds.com/product/0-3-ct-heart-518/
177,177,1787957,HEART,0.3,VS2,G,VG,EX,GD,N,3.89-4.68×2.82,985.51,https://capitalwholesalediamonds.com/product/0-3-ct-heart-308/
178,178,1793212,HEART,0.3,SI1,F,VG,EX,GD,N,4.25-4.50×2.65,907.92,https://capitalwholesalediamonds.com/product/0-3-ct-heart-229/
179,179,1747092,HEART,0.29,SI1,F,GD,VG,VG,F,3.96-4.62×2.81,829.54,https://capitalwholesalediamonds.com/product/0-29-ct-heart-16/
180,180,1795903,HEART,0.3,SI1,E,GD,VG,GD,N,3.88-4.76×2.75,910.94,https://capitalwholesalediamonds.com/product/0-3-ct-heart-118/
181,181,1789928,HEART,0.3,VS2,E,VG,VG,GD,N,4.04-4.62×2.78,1004.74,https://capitalwholesalediamonds.com/product/0-3-ct-heart-110/
182,182,1775316,HEART,0.3,SI1,E,VG,EX,GD,F,3.84-4.56×2.76,875.42,https://capitalwholesalediamonds.com/product/0-3-ct-heart-133/
183,183,1750304,HEART,0.32,SI1,E,EX,VG,VG,N,4.38-4.79×2.81,927.0,https://capitalwholesalediamonds.com/product/0-32-ct-heart-24/
184,184,1779847,HEART,0.3,SI1,I,VG,EX,VG,F,4.24-4.64×2.55,770.0,https://capitalwholesalediamonds.com/product/0-3-ct-heart-399/
185,185,1800780,HEART,0.3,SI1,D,VG,VG,VG,N,4.23-4.59×2.55,988.99,https://capitalwholesalediamonds.com/product/0-3-ct-heart-532/
186,186,1786572,HEART,0.32,VS1,I,EX,VG,GD,N,4.07-4.80×2.83,831.26,https://capitalwholesalediamonds.com/product/0-32-ct-heart-84/
187,187,1793213,HEART,0.3,SI1,I,VG,EX,VG,N,4.27-4.50×2.49,799.39,https://capitalwholesalediamonds.com/product/0-3-ct-heart-400/
188,188,1793208,HEART,0.3,SI1,E,VG,EX,GD,N,3.98-4.84×2.71,930.75,https://capitalwholesalediamonds.com/product/0-3-ct-heart-120/
189,189,1787964,HEART,0.3,VS2,H,VG,EX,GD,N,4.00-4.60×2.69,973.78,https://capitalwholesalediamonds.com/product/0-3-ct-heart-361/
190,190,1789945,HEART,0.3,SI2,F,EX,VG,GD,N,4.29-4.70×2.79,781.64,https://capitalwholesalediamonds.com/product/0-3-ct-heart-253/
191,191,1800034,HEART,0.3,VS2,H,GD,VG,GD,N,4.24-4.71×2.62,920.09,https://capitalwholesalediamonds.com/product/0-3-ct-heart-360/
192,192,1490932,HEART,0.27,VVS2,G,EX,VG,VG,N,3.94-4.46×2.64,975.86,https://capitalwholesalediamonds.com/product/0-27-ct-heart/
193,193,1771313,HEART,0.3,VVS1,I,VG,EX,GD,N,4.07-4.67×2.70,838.41,https://capitalwholesalediamonds.com/product/0-3-ct-heart-375/
194,194,1747962,HEART,0.35,VS1,J,EX,EX,EX,F,4.16-4.92×2.84,746.74,https://capitalwholesalediamonds.com/product/0-35-ct-heart-18/
195,195,1800017,HEART,0.35,VS1,I,EX,EX,GD,M,4.53-4.98×2.70,896.41,https://capitalwholesalediamonds.com/product/0-35-ct-heart-17/
196,196,1772595,HEART,0.3,SI1,J,GD,VG,FR,F,4.22-4.47×2.73,676.71,https://capitalwholesalediamonds.com/product/0-3-ct-heart-414/
197,197,1767974,HEART,0.3,SI1,D,GD,EX,GD,N,3.87-4.54×2.74,895.73,https://capitalwholesalediamonds.com/product/0-3-ct-heart-516/
198,198,1783879,HEART,0.38,SI2,E,EX,VG,GD,N,4.50-5.05×3.01,942.99,https://capitalwholesalediamonds.com/product/0-38-ct-heart-2/
199,199,1787979,HEART,0.3,SI2,D,VG,VG,GD,N,4.12-4.64×2.78,871.87,https://capitalwholesalediamonds.com/product/0-3-ct-heart-535/
200,200,1789931,HEART,0.31,VS2,I,EX,EX,VG,N,4.07-4.82×2.87,881.81,https://capitalwholesalediamonds.com/product/0-31-ct-heart-138/
201,201,1775310,HEART,0.3,VS2,I,VG,EX,GD,M,4.07-4.53×2.74,734.49,https://capitalwholesalediamonds.com/product/0-3-ct-heart-395/
202,202,1783875,HEART,0.3,SI1,G,VG,EX,VG,N,4.03-4.82×2.66,958.58,https://capitalwholesalediamonds.com/product/0-3-ct-heart-331/
203,203,1775319,HEART,0.31,SI1,F,EX,VG,GD,N,3.99-4.70×2.78,949.95,https://capitalwholesalediamonds.com/product/0-31-ct-heart-83/
204,204,1785296,HEART,0.33,SI1,I,EX,EX,GD,F,4.08-4.85×2.85,798.1,https://capitalwholesalediamonds.com/product/0-33-ct-heart-55/
205,205,1771361,HEART,0.31,VS2,I,EX,EX,VG,M,4.02-4.74×2.78,773.92,https://capitalwholesalediamonds.com/product/0-31-ct-heart-142/
206,206,1771389,HEART,0.31,SI2,F,EX,EX,VG,N,4.02-4.78×2.80,756.65,https://capitalwholesalediamonds.com/product/0-31-ct-heart-86/
207,207,1779845,HEART,0.3,SI1,F,EX,VG,VG,N,4.01-4.78×2.76,962.15,https://capitalwholesalediamonds.com/product/0-3-ct-heart-244/
208,208,1800022,HEART,0.3,VS2,D,VG,EX,VG,ST,4.14-4.55×2.75,1008.85,https://capitalwholesalediamonds.com/product/0-3-ct-heart-485/
209,209,1791138,HEART,0.34,SI2,F,EX,VG,VG,N,4.36-4.82×2.80,883.89,https://capitalwholesalediamonds.com/product/0-34-ct-heart-20/
210,210,1783865,HEART,0.3,VS2,I,EX,EX,VG,F,4.04-4.75×2.82,840.96,https://capitalwholesalediamonds.com/product/0-3-ct-heart-384/
211,211,1783866,HEART,0.3,VS2,I,EX,EX,VG,N,4.07-4.66×2.72,870.35,https://capitalwholesalediamonds.com/product/0-3-ct-heart-388/
212,212,1771391,HEART,0.3,SI2,I,EX,EX,GD,N,4.17-4.72×2.68,658.42,https://capitalwholesalediamonds.com/product/0-3-ct-heart-405/
213,213,1787960,HEART,0.31,VS2,H,VG,VG,GD,N,3.96-4.76×2.87,979.81,https://capitalwholesalediamonds.com/product/0-31-ct-heart-128/
214,214,1783876,HEART,0.3,SI1,G,VG,VG,GD,N,3.98-4.63×2.68,884.06,https://capitalwholesalediamonds.com/product/0-3-ct-heart-333/
215,215,1703692,HEART,0.4,SI1,I,EX,EX,VG,N,4.47-5.11×3.01,800.42,https://capitalwholesalediamonds.com/product/0-4-ct-heart-199/
216,216,1771393,HEART,0.29,VS2,F,GD,EX,VG,N,3.89-4.60×2.74,944.29,https://capitalwholesalediamonds.com/product/0-29-ct-heart-13/
217,217,1800789,HEART,0.3,SI2,F,GD,EX,VG,N,4.24-4.54×2.64,829.3,https://capitalwholesalediamonds.com/product/0-3-ct-heart-252/
218,218,1756504,HEART,0.3,VS2,F,EX,EX,GD,N,4.24-4.65×2.62,1003.72,https://capitalwholesalediamonds.com/product/0-3-ct-heart-213/
219,219,1779840,HEART,0.3,VS2,G,VG,VG,GD,N,4.09-4.60×2.58,1009.27,https://capitalwholesalediamonds.com/product/0-3-ct-heart-290/
220,220,1781403,HEART,0.3,SI1,N,EX,EX,VG,N,3.99-4.72×2.76,632.57,https://capitalwholesalediamonds.com/product/0-3-ct-heart-537/
221,221,1771378,HEART,0.32,SI1,G,EX,VG,VG,N,4.26-4.74×2.66,972.92,https://capitalwholesalediamonds.com/product/0-32-ct-heart-72/
222,222,1750305,HEART,0.3,SI1,E,VG,EX,VG,N,3.88-4.66×2.75,901.78,https://capitalwholesalediamonds.com/product/0-3-ct-heart-123/
223,223,1771373,HEART,0.3,SI1,F,EX,EX,VG,N,4.06-4.70×2.77,964.65,https://capitalwholesalediamonds.com/product/0-3-ct-heart-238/
224,224,1777480,HEART,0.3,VVS1,H,EX,EX,GD,N,4.16-4.54×2.66,983.93,https://capitalwholesalediamonds.com/product/0-3-ct-heart-339/
225,225,1781376,HEART,0.41,VS1,L,EX,EX,VG,N,4.56-5.28×2.97,782.15,https://capitalwholesalediamonds.com/product/0-41-ct-heart-54/
226,226,1773518,HEART,0.3,VVS2,H,EX,VG,GD,F,4.06-4.64×2.75,985.98,https://capitalwholesalediamonds.com/product/0-3-ct-heart-341/
227,227,1785283,HEART,0.3,VS2,I,GD,VG,VG,N,4.20-4.47×2.58,829.28,https://capitalwholesalediamonds.com/product/0-3-ct-heart-394/
228,228,1772593,HEART,0.31,SI1,G,VG,VG,GD,N,4.17-4.83×2.71,879.73,https://capitalwholesalediamonds.com/product/0-31-ct-heart-112/
229,229,1789938,HEART,0.31,SI1,E,EX,EX,VG,F,4.21-4.63×2.70,917.97,https://capitalwholesalediamonds.com/product/0-31-ct-heart-35/
230,230,1793190,HEART,0.3,VS1,J,VG,EX,GD,N,4.03-4.65×2.75,761.35,https://capitalwholesalediamonds.com/product/0-3-ct-heart-410/
231,231,1800790,HEART,0.3,SI2,G,VG,EX,GD,N,4.01-4.68×2.82,809.51,https://capitalwholesalediamonds.com/product/0-3-ct-heart-336/
232,232,1787933,HEART,0.34,VS1,G,EX,EX,GD,N,4.33-4.85×2.73,967.27,https://capitalwholesalediamonds.com/product/0-34-ct-heart-21/
233,233,1800754,HEART,0.3,VS1,J,EX,EX,EX,F,3.94-4.67×2.72,830.33,https://capitalwholesalediamonds.com/product/0-3-ct-heart-409/
234,234,1793214,HEART,0.3,SI2,E,EX,EX,GD,N,3.97-4.73×2.80,850.12,https://capitalwholesalediamonds.com/product/0-3-ct-heart-140/
235,235,1771368,HEART,0.3,SI1,E,EX,EX,GD,N,4.12-4.55×2.56,932.78,https://capitalwholesalediamonds.com/product/0-3-ct-heart-136/
236,236,1785281,HEART,0.3,VS2,H,VG,VG,GD,F,4.23-4.58×2.53,937.81,https://capitalwholesalediamonds.com/product/0-3-ct-heart-357/
237,237,1771376,HEART,0.3,SI1,F,EX,EX,VG,N,4.09-4.53×2.68,943.9,https://capitalwholesalediamonds.com/product/0-3-ct-heart-249/
238,238,1783855,HEART,0.3,VS2,E,VG,EX,GD,N,3.88-4.65×2.81,1004.74,https://capitalwholesalediamonds.com/product/0-3-ct-heart-95/
239,239,1789940,HEART,0.3,SI1,E,GD,VG,GD,N,4.30-4.64×2.65,930.75,https://capitalwholesalediamonds.com/product/0-3-ct-heart-124/
240,240,1785300,HEART,0.3,SI2,F,VG,EX,VG,N,4.16-4.46×2.67,832.33,https://capitalwholesalediamonds.com/product/0-3-ct-heart-255/
241,241,1795914,HEART,0.3,SI2,F,EX,EX,GD,N,4.01-4.74×2.81,848.6,https://capitalwholesalediamonds.com/product/0-3-ct-heart-254/
242,242,1787977,HEART,0.3,SI1,I,EX,EX,GD,ST,4.21-4.59×2.57,713.21,https://capitalwholesalediamonds.com/product/0-3-ct-heart-397/
243,243,1772592,HEART,0.31,VS2,I,EX,EX,VG,F,4.09-4.74×2.67,815.8,https://capitalwholesalediamonds.com/product/0-31-ct-heart-139/
244,244,1795877,HEART,0.3,VS1,I,EX,EX,VG,ST,4.25-4.65×2.62,887.62,https://capitalwholesalediamonds.com/product/0-3-ct-heart-379/
245,245,1791135,HEART,0.3,SI1,J,EX,EX,GD,N,3.90-4.58×2.73,667.08,https://capitalwholesalediamonds.com/product/0-3-ct-heart-415/
246,246,1771372,HEART,0.38,SI1,F,EX,GD,GD,M,4.62-4.94×2.67,955.86,https://capitalwholesalediamonds.com/product/0-38-ct-heart-4/
247,247,1797320,HEART,0.3,VS1,G,GD,VG,GD,N,4.23-4.47×2.42,1014.42,https://capitalwholesalediamonds.com/product/0-3-ct-heart-282/
248,248,1762933,HEART,0.3,VS2,G,EX,VG,VG,N,4.39-4.63×2.55,996.61,https://capitalwholesalediamonds.com/product/0-3-ct-heart-311/
249,249,1789123,HEART,0.31,SI1,G,EX,EX,VG,N,4.08-4.65×2.76,993.94,https://capitalwholesalediamonds.com/product/0-31-ct-heart-111/
250,250,1767982,HEART,0.3,SI1,G,VG,EX,VG,N,4.30-4.66×2.57,853.18,https://capitalwholesalediamonds.com/product/0-3-ct-heart-329/
251,251,1783878,HEART,0.32,SI2,D,EX,EX,GD,F,4.06-4.81×2.72,907.46,https://capitalwholesalediamonds.com/product/0-32-ct-heart-102/
252,252,1789097,HEART,0.3,VVS1,I,EX,VG,VG,N,4.24-4.71×2.67,923.13,https://capitalwholesalediamonds.com/product/0-3-ct-heart-376/
253,253,1756509,HEART,0.34,SI1,D,EX,EX,VG,N,4.38-4.76×2.73,973.52,https://capitalwholesalediamonds.com/product/0-34-ct-heart-46/
254,254,1776513,OVAL,0.3,VVS1,H,EX,VG,GD,N,5.98-3.76×2.18,889.67,https://capitalwholesalediamonds.com/product/0-3-ct-oval-77/
255,255,1610082,OVAL,0.51,SI1,K,EX,EX,VG,ST,6.73-4.37×2.66,898.79,https://capitalwholesalediamonds.com/product/0-51-ct-oval-67/
256,256,1783967,OVAL,0.3,SI1,E,EX,EX,GD,N,5.25-3.85×2.30,868.36,https://capitalwholesalediamonds.com/product/0-3-ct-oval-41/
257,257,1761841,OVAL,0.36,VS2,I,EX,EX,VG,N,6.26-3.99×2.35,842.99,https://capitalwholesalediamonds.com/product/0-36-ct-oval-7/
258,258,1547208,OVAL,0.65,VS1,N,EX,EX,VG,N,7.20-4.89×2.83,887.51,https://capitalwholesalediamonds.com/product/0-65-ct-oval-33/
259,259,1664660,OVAL,0.5,VS2,M,VG,EX,GD,ST,6.56-4.44×2.64,770.27,https://capitalwholesalediamonds.com/product/0-5-ct-oval-436/
260,260,1642507,OVAL,0.5,SI2,L,EX,EX,VG,F,6.64-4.32×2.69,895.64,https://capitalwholesalediamonds.com/product/0-5-ct-oval-432/
261,261,1772655,OVAL,0.3,VS2,H,VG,EX,VG,N,5.80-3.75×2.18,872.94,https://capitalwholesalediamonds.com/product/0-3-ct-oval-84/
262,262,1785468,OVAL,0.3,SI1,D,VG,EX,VG,M,5.35-3.94×2.22,893.23,https://capitalwholesalediamonds.com/product/0-3-ct-oval-132/
263,263,1798768,OVAL,0.31,VVS2,I,EX,EX,VG,N,5.85-3.69×2.22,899.1,https://capitalwholesalediamonds.com/product/0-31-ct-oval-34/
264,264,1783952,OVAL,0.4,SI1,L,EX,VG,VG,M,6.23-4.03×2.48,736.2,https://capitalwholesalediamonds.com/product/0-4-ct-oval-100/
265,265,1783012,OVAL,0.3,VVS2,I,EX,EX,GD,F,5.12-3.82×2.38,818.67,https://capitalwholesalediamonds.com/product/0-3-ct-oval-88/
266,266,1660477,OVAL,0.5,SI2,M,EX,EX,GD,ST,6.33-4.59×2.73,714.13,https://capitalwholesalediamonds.com/product/0-5-ct-oval-440/
267,267,1775500,OVAL,0.31,SI2,E,EX,EX,VG,N,5.15-3.82×2.39,855.09,https://capitalwholesalediamonds.com/product/0-31-ct-oval-15/
268,268,1779957,OVAL,0.3,SI1,H,VG,GD,FR,N,5.27-3.79×2.27,745.66,https://capitalwholesalediamonds.com/product/0-3-ct-oval-87/
269,269,1626474,OVAL,0.5,SI1,M,EX,EX,VG,N,6.11-4.47×2.81,776.32,https://capitalwholesalediamonds.com/product/0-5-ct-oval-438/
270,270,1791846,OVAL,0.31,VVS2,H,EX,EX,GD,N,5.23-3.82×2.40,920.12,https://capitalwholesalediamonds.com/product/0-31-ct-oval-31/
271,271,1618154,OVAL,0.52,VS1,U-V,EX,EX,VG,N,6.40-4.55×2.69,835.8,https://capitalwholesalediamonds.com/product/0-52-ct-oval-4/
272,272,1788102,OVAL,0.33,VS1,H,EX,VG,EX,M,5.38-4.01×2.40,938.71,https://capitalwholesalediamonds.com/product/0-33-ct-oval-13/
273,273,1743156,OVAL,0.31,SI2,F,EX,GD,GD,N,5.92-3.76×2.22,725.74,https://capitalwholesalediamonds.com/product/0-31-ct-oval-22/
274,274,1652979,OVAL,0.52,SI1,M,EX,EX,VG,N,6.63-4.48×2.76,864.57,https://capitalwholesalediamonds.com/product/0-52-ct-oval-32/
275,275,1778721,OVAL,0.31,SI2,G,EX,EX,GD,N,5.71-3.76×2.29,735.64,https://capitalwholesalediamonds.com/product/0-31-ct-oval-29/
276,276,1791841,OVAL,0.4,SI1,M,VG,VG,GD,F,5.78-4.13×2.52,676.0,https://capitalwholesalediamonds.com/product/0-4-ct-oval-101/
277,277,1785470,OVAL,0.31,SI1,J,VG,VG,GD,N,5.88-3.65×2.26,641.9,https://capitalwholesalediamonds.com/product/0-31-ct-oval-35/
278,278,1796060,OVAL,0.31,SI1,E,EX,EX,VG,F,5.40-3.76×2.34,921.66,https://capitalwholesalediamonds.com/product/0-31-ct-oval-12/
279,279,1667387,OVAL,0.5,SI2,M,EX,VG,VG,N,6.39-4.48×2.72,864.53,https://capitalwholesalediamonds.com/product/0-5-ct-oval-441/
280,280,1790102,OVAL,0.3,VVS2,FANCY,EX,VG,FR,F,5.34-3.76×2.10,923.08,https://capitalwholesalediamonds.com/product/0-3-ct-oval/
281,281,1785469,OVAL,0.31,SI1,G,EX,EX,VG,N,5.84-3.79×2.27,845.69,https://capitalwholesalediamonds.com/product/0-31-ct-oval-28/
282,282,Eco Diamond 445027349,OVAL,0.58,SI2,E,EX,EX,EX,N,6.89 – 4.86 x 2.82 mm,842.4,https://capitalwholesalediamonds.com/product/0-58-ct-oval-3/
283,283,1783962,OVAL,0.35,VS1,I,EX,EX,EX,F,5.62-4.07×2.38,929.55,https://capitalwholesalediamonds.com/product/0-35-ct-oval-19/
284,284,1775464,OVAL,0.4,VS1,L,EX,EX,VG,N,5.97-4.05×2.51,772.67,https://capitalwholesalediamonds.com/product/0-4-ct-oval-98/
285,285,1657907,OVAL,0.5,VS2,L,VG,VG,VG,F,6.53-4.29×2.64,925.91,https://capitalwholesalediamonds.com/product/0-5-ct-oval-424/
286,286,1789993,OVAL,0.3,SI1,E,EX,EX,GD,N,5.51-3.66×2.25,906.89,https://capitalwholesalediamonds.com/product/0-3-ct-oval-43/
287,287,1796059,OVAL,0.3,SI1,D,VG,VG,GD,N,5.10-3.79×2.40,929.7,https://capitalwholesalediamonds.com/product/0-3-ct-oval-135/
288,288,1785461,OVAL,0.31,VS1,G,VG,VG,VG,F,5.44-3.72×2.33,937.39,https://capitalwholesalediamonds.com/product/0-31-ct-oval-24/
289,289,1793299,OVAL,0.3,SI1,M,EX,EX,GD,F,5.69-3.59×2.25,583.91,https://capitalwholesalediamonds.com/product/0-3-ct-oval-96/
290,290,1796046,OVAL,0.3,VVS2,H,VG,EX,GD,N,5.09-3.82×2.39,887.64,https://capitalwholesalediamonds.com/product/0-3-ct-oval-79/
291,291,1652921,OVAL,0.5,VVS2,M,EX,EX,VG,F,6.17-4.55×2.79,914.66,https://capitalwholesalediamonds.com/product/0-5-ct-oval-435/
292,292,1796028,OVAL,0.5,SI1,L,VG,EX,VG,N,6.83-4.46×2.58,855.14,https://capitalwholesalediamonds.com/product/0-5-ct-oval-1085/
293,293,1800874,OVAL,0.3,SI1,E,EX,EX,VG,N,5.88-3.69×2.16,919.06,https://capitalwholesalediamonds.com/product/0-3-ct-oval-39/
294,294,1756607,OVAL,0.3,VS1,I,EX,EX,VG,N,5.29-3.78×2.32,828.83,https://capitalwholesalediamonds.com/product/0-3-ct-oval-91/
295,295,1652951,OVAL,0.5,VS2,L,EX,GD,GD,F,6.58-4.44×2.67,765.12,https://capitalwholesalediamonds.com/product/0-5-ct-oval-425/
296,296,1797428,OVAL,0.3,VS2,E,VG,VG,FR,N,5.44-3.47×2.35,928.72,https://capitalwholesalediamonds.com/product/0-3-ct-oval-32/
297,297,1785463,OVAL,0.3,VS1,H,EX,EX,VG,N,5.14-3.81×2.40,875.99,https://capitalwholesalediamonds.com/product/0-3-ct-oval-80/
298,298,1764021,OVAL,0.5,VS2,L,VG,VG,GD,N,7.00-4.39×2.50,887.28,https://capitalwholesalediamonds.com/product/0-5-ct-oval-1083/
299,299,1669706,OVAL,0.5,SI2,L,EX,EX,GD,F,6.84-4.40×2.69,886.99,https://capitalwholesalediamonds.com/product/0-5-ct-oval-431/
300,300,1765124,OVAL,0.31,SI2,F,EX,GD,FR,N,5.77-3.75×2.23,796.43,https://capitalwholesalediamonds.com/product/0-31-ct-oval-21/
301,301,1790106,OVAL,0.35,SI1,FANCY,EX,VG,VG,F,5.10-3.78×2.38,906.43,https://capitalwholesalediamonds.com/product/0-35-ct-oval-2/
302,302,1789984,OVAL,0.4,VS2,L,EX,EX,GD,F,6.21-4.09×2.53,740.9,https://capitalwholesalediamonds.com/product/0-4-ct-oval-99/
303,303,1748058,OVAL,0.31,SI1,E,EX,EX,VG,N,5.82-3.79×2.21,906.5,https://capitalwholesalediamonds.com/product/0-31-ct-oval-14/
304,304,1790108,OVAL,0.36,I2,FANCY,EX,VG,FR,F,5.04-3.77×2.59,922.67,https://capitalwholesalediamonds.com/product/0-36-ct-oval/
305,305,1591422,OVAL,0.5,VS1,J,VG,EX,GD,N,6.07-4.49×2.83,887.01,https://capitalwholesalediamonds.com/product/0-5-ct-oval-362/
306,306,1791222,OVAL,0.36,SI1,K,EX,GD,GD,N,5.74-4.08×2.29,651.93,https://capitalwholesalediamonds.com/product/0-36-ct-oval-9/
307,307,1778720,OVAL,0.3,SI2,E,EX,EX,VG,N,5.47-3.73×2.34,854.16,https://capitalwholesalediamonds.com/product/0-3-ct-oval-47/
308,308,1628526,OVAL,0.51,SI1,K,EX,GD,GD,F,6.68-4.38×2.68,887.32,https://capitalwholesalediamonds.com/product/0-51-ct-oval-69/
309,309,1788113,OVAL,0.31,SI1,K,VG,EX,VG,N,5.75-3.93×2.27,628.24,https://capitalwholesalediamonds.com/product/0-31-ct-oval-37/
310,310,1625323,OVAL,0.5,I1,L,EX,EX,VG,M,6.69-4.35×2.69,765.12,https://capitalwholesalediamonds.com/product/0-5-ct-oval-434/
311,311,1639839,OVAL,0.5,SI2,J,VG,VG,VG,F,6.10-4.47×2.78,929.34,https://capitalwholesalediamonds.com/product/0-5-ct-oval-394/
312,312,1565159,OVAL,0.29,VS2,F,EX,VG,VG,F,5.79-3.65×2.20,929.06,https://capitalwholesalediamonds.com/product/0-29-ct-oval/
313,313,1783969,OVAL,0.3,SI2,D,VG,EX,GD,M,5.12-3.85×2.42,798.86,https://capitalwholesalediamonds.com/product/0-3-ct-oval-138/
314,314,1791855,OVAL,0.3,SI2,D,EX,GD,FR,N,5.63-3.59×2.23,806.01,https://capitalwholesalediamonds.com/product/0-3-ct-oval-139/
315,315,1789990,OVAL,0.3,VS2,M,EX,EX,VG,F,5.89-3.70×2.19,606.71,https://capitalwholesalediamonds.com/product/0-3-ct-oval-95/
316,316,1643654,OVAL,0.7,SI2,M,EX,VG,GD,N,7.39-4.73×2.97,924.43,https://capitalwholesalediamonds.com/product/0-7-ct-oval-190/
317,317,1589667,OVAL,0.5,SI2,L,VG,EX,VG,N,6.29-4.31×2.74,778.97,https://capitalwholesalediamonds.com/product/0-5-ct-oval-430/
318,318,1768049,OVAL,0.4,SI1,I,VG,EX,GD,N,6.05-4.04×2.49,853.79,https://capitalwholesalediamonds.com/product/0-4-ct-oval-87/
319,319,1740339,OVAL,0.32,SI1,D,EX,EX,GD,N,5.29-3.92×2.43,901.02,https://capitalwholesalediamonds.com/product/0-32-ct-oval-34/
320,320,1748052,OVAL,0.3,VS1,F,EX,GD,GD,N,5.24-3.78×2.35,856.73,https://capitalwholesalediamonds.com/product/0-3-ct-oval-57/
321,321,1785467,OVAL,0.36,VS2,M,EX,EX,VG,M,6.07-3.90×2.40,647.07,https://capitalwholesalediamonds.com/product/0-36-ct-oval-10/
322,322,1744163,OVAL,0.3,VS1,F,EX,EX,VG,N,5.25-3.73×2.37,934.76,https://capitalwholesalediamonds.com/product/0-3-ct-oval-56/
323,323,1666044,OVAL,0.53,VVS2,N,EX,EX,VG,N,7.03-4.42×2.73,903.02,https://capitalwholesalediamonds.com/product/0-53-ct-oval-26/
324,324,1793297,OVAL,0.3,VS2,N,EX,EX,VG,F,5.51-3.90×2.30,572.23,https://capitalwholesalediamonds.com/product/0-3-ct-oval-142/
325,325,1663401,OVAL,0.5,SI1,L,EX,VG,VG,F,6.52-4.38×2.71,910.35,https://capitalwholesalediamonds.com/product/0-5-ct-oval-426/
326,326,1703960,OVAL,0.63,SI1,FANCY,EX,EX,GD,M,6.50-4.71×2.90,936.36,https://capitalwholesalediamonds.com/product/0-63-ct-oval-3/
327,327,1789198,OVAL,0.33,SI2,D,EX,VG,VG,N,5.30-3.90×2.43,852.81,https://capitalwholesalediamonds.com/product/0-33-ct-oval-24/
328,328,1800875,OVAL,0.3,SI1,F,VG,EX,GD,F,5.31-3.69×2.35,822.74,https://capitalwholesalediamonds.com/product/0-3-ct-oval-65/
329,329,1758297,OVAL,0.3,SI1,D,EX,GD,GD,N,5.31-3.82×2.30,882.55,https://capitalwholesalediamonds.com/product/0-3-ct-oval-133/
330,330,1789186,OVAL,0.4,SI1,K,VG,VG,GD,N,6.31-4.04×2.36,766.58,https://capitalwholesalediamonds.com/product/0-4-ct-oval-97/
331,331,1643687,OVAL,0.5,SI1,M,EX,EX,VG,ST,6.36-4.47×2.79,804.85,https://capitalwholesalediamonds.com/product/0-5-ct-oval-437/
332,332,1734836,OVAL,0.72,I1,M,EX,VG,VG,F,7.41-4.98×3.01,905.05,https://capitalwholesalediamonds.com/product/0-72-ct-oval-140/
333,333,1755748,OVAL,0.4,SI1,K,EX,VG,VG,F,6.18-4.15×2.47,764.56,https://capitalwholesalediamonds.com/product/0-4-ct-oval-95/
334,334,1800878,OVAL,0.3,SI2,E,EX,VG,GD,F,5.00-3.74×2.40,742.1,https://capitalwholesalediamonds.com/product/0-3-ct-oval-46/
335,335,1744154,OVAL,0.4,SI1,D,GD,VG,VG,M,5.72-4.16×2.64,909.22,https://capitalwholesalediamonds.com/product/0-4-ct-oval-135/
336,336,1788094,OVAL,0.41,SI1,K,EX,VG,VG,N,6.39-4.02×2.47,870.84,https://capitalwholesalediamonds.com/product/0-41-ct-oval-27/
337,337,1759395,OVAL,0.4,VS1,J,VG,EX,GD,N,5.57-4.11×2.61,870.05,https://capitalwholesalediamonds.com/product/0-4-ct-oval-90/
338,338,1796062,OVAL,0.3,SI2,D,VG,EX,VG,N,5.06-3.71×2.33,874.91,https://capitalwholesalediamonds.com/product/0-3-ct-oval-141/
339,339,Eco Diamond 57237333,RADIANT,0.9,VS1,E,VG,EX,EX,N,6.05 – 6.08 x 3.85 mm,2056.86,https://capitalwholesalediamonds.com/product/0-9-ct-radiant-16/
340,340,Eco Diamond 57237321,RADIANT,0.3,SI2,D,EX,EX,EX,N,4.31 – 4.33 x 2.62 mm,512.46,https://capitalwholesalediamonds.com/product/0-3-ct-radiant/
341,341,Eco Diamond 57237339,RADIANT,1.33,I1,D,EX,EX,EX,N,6.96 – 7.01 x 4.34 mm,1926.99,https://capitalwholesalediamonds.com/product/1-33-ct-radiant-3/
342,342,Eco Diamond 445027355,RADIANT,0.73,SI1,E,EX,EX,EX,N,5.68 – 4.47 x 3.11 mm,1365.39,https://capitalwholesalediamonds.com/product/0-73-ct-radiant-3/
343,343,Eco Diamond 442072107,RADIANT,0.6,VS1,D,EX,EX,EX,N,5.46 – 5.49 x 3.29 mm,1203.93,https://capitalwholesalediamonds.com/product/0-6-ct-radiant/
344,344,Eco Diamond 440008419,RADIANT,1.0,SI2,D,EX,EX,EX,N,6.28 – 6.35 x 3.98 mm,2062.13,https://capitalwholesalediamonds.com/product/1-ct-radiant-44/
345,345,Eco Diamond 436053285,RADIANT,0.71,SI2,D,EX,EX,EX,N,5.66 – 5.69 x 3.53 mm,1181.12,https://capitalwholesalediamonds.com/product/0-71-ct-radiant-2/
346,346,Eco Diamond 436056247,RADIANT,0.7,SI1,F,EX,EX,EX,N,5.71 – 5.76 x 3.42 mm,1235.52,https://capitalwholesalediamonds.com/product/0-7-ct-radiant-5/
347,347,Eco Diamond 442072113,RADIANT,0.43,VS1,D,EX,EX,EX,N,4.92 – 4.93 x 3.00 mm,758.16,https://capitalwholesalediamonds.com/product/0-43-ct-radiant/
348,348,Eco Diamond 444074127,RADIANT,0.91,SI1,D,EX,EX,EX,N,6.26 – 6.27 x 3.69 mm,1812.92,https://capitalwholesalediamonds.com/product/0-91-ct-radiant-8/
349,349,Eco Diamond 436053287,RADIANT,0.7,VS1,D,EX,EX,EX,N,5.58 – 5.60 x 3.56 mm,1611.09,https://capitalwholesalediamonds.com/product/0-7-ct-radiant-4/
350,350,Eco Diamond 57237337,RADIANT,0.94,SI2,D,EX,EX,EX,N,6.28 – 6.30 x 3.77 mm,1661.99,https://capitalwholesalediamonds.com/product/0-94-ct-radiant-2/
351,351,Eco Diamond LG200402,RADIANT,0.73,VS2,E,VG,VG,VG,N,6.08X4.41X2.89,1606.53,https://capitalwholesalediamonds.com/product/0-73-ct-radiant/
352,352,Eco Diamond 57237334,RADIANT,0.9,VS2,D,VG,EX,VG,N,6.19 – 6.23 x 3.74 mm,2009.48,https://capitalwholesalediamonds.com/product/0-9-ct-radiant-17/
353,353,Eco Diamond LG200399,RADIANT,0.7,VVS2,D,VG,VG,VG,N,6.04X4.36X2.82,1721.39,https://capitalwholesalediamonds.com/product/0-70-ct-radiant-2/
354,354,Eco Diamond 57237329,RADIANT,0.9,SI1,E,VG,EX,VG,N,6.13 – 6.16 x 3.73 mm,1702.35,https://capitalwholesalediamonds.com/product/0-9-ct-radiant-12/
355,355,Eco Diamond LG200401,RADIANT,0.71,VS2,D,VG,VG,VG,N,6.06X4.38X2.89,1593.93,https://capitalwholesalediamonds.com/product/0-71-ct-radiant/
356,356,Eco Diamond 57237332,RADIANT,0.9,VS1,E,VG,EX,VG,N,6.19 – 6.22 x 3.68 mm,2056.86,https://capitalwholesalediamonds.com/product/0-9-ct-radiant-15/
357,357,Eco Diamond 432026857,RADIANT,0.91,SI2,D,EX,EX,EX,N,6.15 – 6.20 x 3.83 mm,1619.87,https://capitalwholesalediamonds.com/product/0-91-ct-radiant-5/
358,358,Eco Diamond 432026874,RADIANT,0.8,VS2,D,VG,EX,EX,N,5.78 – 5.82 x 3.71 mm,1690.07,https://capitalwholesalediamonds.com/product/0-8-ct-radiant/
359,359,Eco Diamond 442029666,RADIANT,0.65,VS2,D,EX,EX,EX,N,5.57 – 5.62 x 3.35 mm,1193.4,https://capitalwholesalediamonds.com/product/0-65-ct-radiant/
360,360,Eco Diamond 436073079,RADIANT,1.07,I1,E,EX,EX,EX,N,6.54 – 6.59 x 4.03 mm,1561.95,https://capitalwholesalediamonds.com/product/1-07-ct-radiant-2/
361,361,Eco Diamond 436053278,RADIANT,0.7,VS1,D,EX,EX,EX,N,5.68 – 5.69 x 3.53 mm,1611.09,https://capitalwholesalediamonds.com/product/0-7-ct-radiant-3/
362,362,Eco Diamond 444074129,RADIANT,0.87,SI1,D,EX,EX,EX,N,6.03 – 6.07 x 3.81 mm,1560.2,https://capitalwholesalediamonds.com/product/0-87-ct-radiant/
363,363,Eco Diamond 436075098,RADIANT,0.59,VS2,D,EX,EX,EX,N,5.36 – 5.39 x 3.29 mm,1114.43,https://capitalwholesalediamonds.com/product/0-59-ct-radiant/
364,364,Eco Diamond 432026870,RADIANT,0.91,SI1,D,EX,EX,EX,N,6.17 – 6.20 x 3.80 mm,1812.92,https://capitalwholesalediamonds.com/product/0-91-ct-radiant-6/
365,365,Eco Diamond 436056245,RADIANT,0.5,SI1,E,EX,EX,EX,N,5.07 – 5.11 x 3.13 mm,856.44,https://capitalwholesalediamonds.com/product/0-5-ct-radiant/
366,366,Eco Diamond 442072099,RADIANT,0.76,VS1,E,EX,EX,EX,N,5.77 – 5.79 x 3.64 mm,1647.95,https://capitalwholesalediamonds.com/product/0-76-ct-radiant/
367,367,Eco Diamond 57237336,RADIANT,0.93,SI2,E,EX,EX,EX,N,6.20 – 6.23 x 3.83 mm,1575.99,https://capitalwholesalediamonds.com/product/0-93-ct-radiant-2/
368,368,Eco Diamond LG200355,RADIANT,0.7,VS1,E,VG,EX,EX,N,5.78X4.35X3.08,1602.23,https://capitalwholesalediamonds.com/product/0-70-ct-radiant/
369,369,200684-437,RADIANT,1.01,SI2,M,EX,EX,VG,N,6.16-5.03×3.45,1640.54,https://capitalwholesalediamonds.com/product/1-01-ct-radiant-10/
370,370,Eco Diamond 440020214,RADIANT,1.01,SI2,D,EX,EX,EX,N,6.44 – 6.46 x 3.96 mm,2079.68,https://capitalwholesalediamonds.com/product/1-01-ct-radiant-44/
371,371,Eco Diamond 57237324,RADIANT,0.66,VS2,D,EX,EX,EX,N,5.52 – 5.55 x 3.46 mm,1205.69,https://capitalwholesalediamonds.com/product/0-66-ct-radiant-3/
372,372,Eco Diamond 440020271,RADIANT,0.91,SI1,D,EX,EX,EX,N,6.08 – 6.13 x 3.86 mm,1812.92,https://capitalwholesalediamonds.com/product/0-91-ct-radiant-7/
373,373,Eco Diamond 442029672,RADIANT,0.52,VS2,D,EX,EX,EX,N,5.12 – 5.14 x 3.16 mm,1024.92,https://capitalwholesalediamonds.com/product/0-52-ct-radiant/
374,374,210028-384,RADIANT,1.02,VS2,N,VG,EX,VG,M,6.45-4.92×3.43,1974.15,https://capitalwholesalediamonds.com/product/1-02-ct-radiant-9/
375,375,Eco Diamond 436053281,RADIANT,0.82,VS2,D,EX,EX,EX,N,6.05 – 6.08 x 3.70 mm,1723.41,https://capitalwholesalediamonds.com/product/0-82-ct-radiant/
376,376,Eco Diamond 432026875,RADIANT,0.8,SI2,D,EX,EX,EX,N,6.03 – 6.06 x 3.55 mm,1286.42,https://capitalwholesalediamonds.com/product/0-8-ct-radiant-2/
377,377,Eco Diamond 436073080,RADIANT,1.0,SI2,E,EX,EX,EX,N,6.42 – 6.46 x 3.90 mm,1983.15,https://capitalwholesalediamonds.com/product/1-ct-radiant-41/
378,378,Eco Diamond 432009475,RADIANT,0.7,VS2,D,VG,EX,VG,N,5.73 – 5.78 x 3.37 mm,1523.34,https://capitalwholesalediamonds.com/product/0-7-ct-radiant-2/
379,379,Eco Diamond 57237328,RADIANT,0.9,SI1,E,VG,EX,EX,N,6.08 – 6.10 x 3.79 mm,1702.35,https://capitalwholesalediamonds.com/product/0-9-ct-radiant-11/
380,380,Eco Diamond 444075121,RADIANT,0.6,VS1,D,EX,EX,EX,N,5.34 – 5.36 x 3.36 mm,1203.93,https://capitalwholesalediamonds.com/product/0-6-ct-radiant-2/
381,381,Eco Diamond 57237327,RADIANT,0.9,SI1,D,VG,EX,VG,N,6.02 – 6.06 x 3.91 mm,1797.12,https://capitalwholesalediamonds.com/product/0-9-ct-radiant-10/
382,382,Eco Diamond 440014538,RADIANT,0.42,VS1,D,EX,EX,EX,N,4.76 – 4.78 x 2.99 mm,749.39,https://capitalwholesalediamonds.com/product/0-42-ct-radiant/
383,383,Eco Diamond 432026878,RADIANT,0.61,VS1,D,EX,EX,EX,N,5.31 – 5.36 x 3.39 mm,1217.97,https://capitalwholesalediamonds.com/product/0-61-ct-radiant/
384,384,Eco Diamond 57237330,RADIANT,0.9,SI2,D,VG,EX,EX,N,5.95 – 6.00 x 3.91 mm,1607.58,https://capitalwholesalediamonds.com/product/0-9-ct-radiant-13/
385,385,Eco Diamond 442072105,RADIANT,0.52,VS1,D,EX,EX,EX,N,5.14 – 5.16 x 3.19 mm,1089.86,https://capitalwholesalediamonds.com/product/0-52-ct-radiant-2/
386,386,Eco Diamond 389987637,RADIANT,1.85,SI1,FBG,EX,EX,EX,N,7.79 – 7.86 x 4.85 mm,1897.02,https://capitalwholesalediamonds.com/product/1-85-ct-radiant/
387,387,Eco Diamond 445044984,RADIANT,0.56,VS2,F,EX,EX,EX,N,5.19 – 5.22 x 3.28 mm,1005.62,https://capitalwholesalediamonds.com/product/0-56-ct-radiant/
388,388,Eco Diamond 432026899,RADIANT,0.9,SI2,D,EX,EX,EX,N,6.14 – 6.17 x 3.71 mm,1607.58,https://capitalwholesalediamonds.com/product/0-9-ct-radiant-5/
389,389,Eco Diamond 57237331,RADIANT,0.9,VS1,E,EX,EX,EX,N,6.00 – 6.07 x 3.85 mm,2056.86,https://capitalwholesalediamonds.com/product/0-9-ct-radiant-14/
390,390,Eco Diamond LG200398,RADIANT,0.81,VS1,E,VG,VG,VG,N,5.86X4.73X3.13,1798.85,https://capitalwholesalediamonds.com/product/0-81-ct-radiant/
391,391,Eco Diamond 432027175,RADIANT,0.8,VS2,D,VG,EX,EX,N,5.80 – 5.82 x 3.78 mm,1690.07,https://capitalwholesalediamonds.com/product/0-8-ct-radiant-4/
392,392,Eco Diamond 444074125,RADIANT,0.93,SI2,D,EX,EX,EX,N,6.22 – 6.24 x 3.83 mm,1647.95,https://capitalwholesalediamonds.com/product/0-93-ct-radiant/
393,393,Eco Diamond 436073100,RADIANT,1.05,SI2,E,EX,EX,EX,N,6.44 – 6.49 x 4.05 mm,2065.64,https://capitalwholesalediamonds.com/product/1-05-ct-radiant-4/
394,394,Eco Diamond 57237323,RADIANT,0.66,VS2,D,EX,EX,EX,N,5.58 – 5.62 x 3.43 mm,1205.69,https://capitalwholesalediamonds.com/product/0-66-ct-radiant-2/
395,395,Eco Diamond 432026898,RADIANT,0.9,SI2,E,EX,EX,EX,N,6.08 – 6.10 x 3.84 mm,1535.63,https://capitalwholesalediamonds.com/product/0-9-ct-radiant-4/
396,396,200655-21,RADIANT,1.02,SI2,N,EX,EX,EX,N,6.31-5.07×3.47,1618.04,https://capitalwholesalediamonds.com/product/1-02-ct-radiant-10/
397,397,201235-123,RADIANT,1.0,VS2,M,VG,EX,EX,ST,6.33-4.94×3.42,1770.9,https://capitalwholesalediamonds.com/product/1-ct-radiant-20/
398,398,Eco Diamond 432026855,RADIANT,0.9,SI2,E,EX,EX,EX,N,6.28 – 6.31 x 3.66 mm,1535.63,https://capitalwholesalediamonds.com/product/0-9-ct-radiant/
399,399,Eco Diamond 440020273,RADIANT,0.73,VVS2,E,EX,EX,EX,N,5.65 – 5.70 x 3.59 mm,1665.5,https://capitalwholesalediamonds.com/product/0-73-ct-radiant-2/
400,400,Eco Diamond 432009474,RADIANT,0.7,VS2,D,VG,EX,EX,N,5.51 – 5.56 x 3.58 mm,1523.34,https://capitalwholesalediamonds.com/product/0-7-ct-radiant/
401,401,Eco Diamond LG200400,RADIANT,0.72,VS1,E,EX,EX,EX,N,5.63X4.49X3.07,1624.71,https://capitalwholesalediamonds.com/product/0-72-ct-radiant/
402,402,Eco Diamond 436071571,RADIANT,1.0,SI2,D,EX,EX,EX,N,6.50 – 6.53 x 3.79 mm,2062.13,https://capitalwholesalediamonds.com/product/1-ct-radiant-38/
403,403,Eco Diamond 436071570,RADIANT,1.03,SI2,E,EX,EX,EX,N,6.54 – 6.55 x 3.89 mm,2032.29,https://capitalwholesalediamonds.com/product/1-03-ct-radiant-12/
404,404,200772-239,RADIANT,1.0,SI2,S-T,GD,EX,VG,N,6.36-4.79×3.34,1742.3,https://capitalwholesalediamonds.com/product/1-ct-radiant/
405,405,Eco Diamond 440020272,RADIANT,0.94,SI2,E,EX,EX,EX,N,6.15 – 6.20 x 3.92 mm,1588.28,https://capitalwholesalediamonds.com/product/0-94-ct-radiant/
406,406,Eco Diamond 436054128,RADIANT,1.0,SI2,D,EX,EX,EX,N,6.36 – 6.40 x 4.02 mm,2062.13,https://capitalwholesalediamonds.com/product/1-ct-radiant-36/
407,407,Eco Diamond 445044982,RADIANT,0.9,SI1,D,VG,EX,VG,N,6.03 – 6.10 x 3.84 mm,1797.12,https://capitalwholesalediamonds.com/product/0-9-ct-radiant-8/
408,408,Eco Diamond 432026856,RADIANT,0.91,SI1,D,EX,EX,EX,N,6.08 – 6.14 x 3.86 mm,1812.92,https://capitalwholesalediamonds.com/product/0-91-ct-radiant-4/
409,409,Eco Diamond 436073099,RADIANT,1.02,SI2,E,EX,EX,EX,N,6.33 – 6.37 x 4.01 mm,2016.5,https://capitalwholesalediamonds.com/product/1-02-ct-radiant-17/
410,410,Eco Diamond 444074126,RADIANT,0.9,SI2,D,EX,EX,EX,N,6.05 – 6.10 x 3.86 mm,1607.58,https://capitalwholesalediamonds.com/product/0-9-ct-radiant-7/
411,411,Eco Diamond 436073074,RADIANT,0.92,SI2,E,EX,EX,EX,N,6.15 – 6.17 x 3.87 mm,1561.95,https://capitalwholesalediamonds.com/product/0-92-ct-radiant/
412,412,Eco Diamond 442072111,RADIANT,0.4,SI1,D,EX,EX,EX,N,4.74 – 4.76 x 2.93 mm,642.33,https://capitalwholesalediamonds.com/product/0-4-ct-radiant/
413,413,Eco Diamond 440020269,RADIANT,0.9,SI1,E,EX,EX,EX,N,6.24 – 6.26 x 3.70 mm,1702.35,https://capitalwholesalediamonds.com/product/0-9-ct-radiant-6/
414,414,Eco Diamond 57237325,RADIANT,0.76,SI1,E,EX,EX,EX,N,5.89 – 5.91 x 3.54 mm,1360.13,https://capitalwholesalediamonds.com/product/0-76-ct-radiant-2/
415,415,Eco Diamond 57237322,RADIANT,0.42,VS1,E,EX,EX,EX,N,4.84 – 4.86 x 2.95 mm,735.35,https://capitalwholesalediamonds.com/product/0-42-ct-radiant-2/
416,416,Eco Diamond 444074131,RADIANT,0.81,SI1,D,EX,EX,EX,N,5.86 – 5.91 x 3.72 mm,1477.71,https://capitalwholesalediamonds.com/product/0-81-ct-radiant-2/
417,417,210041-460,RADIANT,1.0,SI1,N,VG,EX,VG,N,6.31-4.90×3.40,2061.5,https://capitalwholesalediamonds.com/product/1-ct-radiant-25/
418,418,Eco Diamond 414063762,RADIANT,1.03,SI2,E,EX,EX,EX,N,6.57 – 6.58 x 3.85 mm,2032.29,https://capitalwholesalediamonds.com/product/1-03-ct-radiant-7/
419,419,Eco Diamond 432026877,RADIANT,0.8,SI2,D,EX,EX,EX,N,5.88 – 5.90 x 3.67 mm,1286.42,https://capitalwholesalediamonds.com/product/0-8-ct-radiant-3/
420,420,Eco Diamond 57237326,RADIANT,0.9,SI1,D,VG,EX,EX,N,6.30 – 6.32 x 3.63 mm,1797.12,https://capitalwholesalediamonds.com/product/0-9-ct-radiant-9/
421,421,Eco Diamond 432026895,RADIANT,0.9,VS2,D,VG,EX,EX,N,6.05 – 6.11 x 3.83 mm,2009.48,https://capitalwholesalediamonds.com/product/0-9-ct-radiant-3/
422,422,Eco Diamond 442072112,RADIANT,0.66,VS2,D,EX,EX,EX,N,5.60 – 5.65 x 3.42 mm,1205.69,https://capitalwholesalediamonds.com/product/0-66-ct-radiant/
423,423,Eco Diamond 445044983,RADIANT,0.8,VS2,D,EX,EX,EX,N,5.94 – 5.99 x 3.62 mm,1690.07,https://capitalwholesalediamonds.com/product/0-8-ct-radiant-5/
424,424,1793002,ROUND,0.3,SI1,F,GD,EX,GD,N,4.13-4.21×2.68,923.08,https://capitalwholesalediamonds.com/product/0-3-ct-round-4337/
425,425,1592375,ROUND,0.24,VS1,D,EX,EX,EX,F,4.00-4.03×2.51,945.54,https://capitalwholesalediamonds.com/product/0-24-ct-round-820/
426,426,1721733,ROUND,0.23,VS1,F,EX,EX,EX,N,3.96-3.98×2.42,935.79,https://capitalwholesalediamonds.com/product/0-23-ct-round-1482/
427,427,1779722,ROUND,0.31,SI1,J,EX,EX,EX,F,4.33-4.35×2.69,930.53,https://capitalwholesalediamonds.com/product/0-31-ct-round-1194/
428,428,1618632,ROUND,0.23,VS1,E,EX,EX,EX,N,3.96-3.98×2.37,915.2,https://capitalwholesalediamonds.com/product/0-23-ct-round-1141/
429,429,1784903,ROUND,0.3,SI1,G,VG,EX,GD,ST,4.26-4.31×2.68,893.25,https://capitalwholesalediamonds.com/product/0-3-ct-round-4826/
430,430,1598790,ROUND,0.23,VS2,E,EX,VG,VG,N,3.95-3.98×2.38,915.2,https://capitalwholesalediamonds.com/product/0-23-ct-round-2092/
431,431,1586566,ROUND,0.21,VVS1,E,EX,EX,EX,N,3.81-3.83×2.37,844.07,https://capitalwholesalediamonds.com/product/0-21-ct-round-66/
432,432,1792635,ROUND,0.31,SI2,G,EX,EX,EX,F,4.39-4.42×2.61,942.61,https://capitalwholesalediamonds.com/product/0-31-ct-round-1063/
433,433,1592385,ROUND,0.24,VVS2,G,EX,EX,EX,N,4.01-4.02×2.46,930.14,https://capitalwholesalediamonds.com/product/0-24-ct-round-723/
434,434,1506808,ROUND,0.21,VVS2,E,EX,EX,EX,N,3.81-3.82×2.38,906.87,https://capitalwholesalediamonds.com/product/0-21-ct-round-131/
435,435,1784863,ROUND,0.3,VS2,J,VG,VG,VG,N,4.23-4.29×2.67,930.75,https://capitalwholesalediamonds.com/product/0-3-ct-round-5655/
436,436,1799388,ROUND,0.3,VVS1,K,EX,EX,EX,F,4.28-4.31×2.66,929.7,https://capitalwholesalediamonds.com/product/0-3-ct-round-5711/
437,437,1777197,ROUND,0.3,VS1,J,VG,EX,GD,N,4.27-4.31×2.58,922.11,https://capitalwholesalediamonds.com/product/0-3-ct-round-5628/
438,438,1763766,ROUND,0.23,VS1,D,EX,EX,EX,N,3.90-3.93×2.45,915.2,https://capitalwholesalediamonds.com/product/0-23-ct-round-1829/
439,439,1763751,ROUND,0.23,VVS2,G,EX,EX,EX,N,3.99-4.02×2.38,900.42,https://capitalwholesalediamonds.com/product/0-23-ct-round-2470/
440,440,1571269,ROUND,0.18,IF,E,EX,EX,EX,N,3.68-3.69×2.19,844.78,https://capitalwholesalediamonds.com/product/0-18-ct-round-35/
441,441,1792642,ROUND,0.3,SI2,H,VG,VG,VG,N,4.26-4.29×2.64,923.13,https://capitalwholesalediamonds.com/product/0-3-ct-round-5279/
442,442,1789674,ROUND,0.31,VS1,K,EX,EX,EX,N,4.38-4.40×2.68,926.91,https://capitalwholesalediamonds.com/product/0-31-ct-round-1201/
443,443,1799586,ROUND,0.3,SI2,H,GD,VG,GD,N,4.19-4.23×2.73,837.95,https://capitalwholesalediamonds.com/product/0-3-ct-round-5293/
444,444,1744923,ROUND,0.46,VS2,L,GD,EX,VG,F,4.73-4.79×3.09,942.04,https://capitalwholesalediamonds.com/product/0-46-ct-round-221/
445,445,1679379,ROUND,0.23,VVS2,H,EX,EX,EX,F,3.94-3.96×2.45,863.94,https://capitalwholesalediamonds.com/product/0-23-ct-round-2501/
446,446,1735228,ROUND,0.23,VS1,F,EX,EX,EX,N,3.93-3.96×2.41,935.79,https://capitalwholesalediamonds.com/product/0-23-ct-round-1547/
447,447,1763812,ROUND,0.23,VS1,G,EX,EX,EX,N,3.94-3.96×2.42,886.02,https://capitalwholesalediamonds.com/product/0-23-ct-round-1671/
448,448,1802321,ROUND,0.2,VS1,D,EX,EX,EX,N,3.71-3.74×2.33,863.91,https://capitalwholesalediamonds.com/product/0-2-ct-round-84/
449,449,1781052,ROUND,0.31,VVS1,L,EX,EX,EX,N,4.41-4.44×2.63,867.66,https://capitalwholesalediamonds.com/product/0-31-ct-round-1209/
450,450,1790782,ROUND,0.3,VS1,K,EX,EX,EX,F,4.28-4.31×2.68,879.02,https://capitalwholesalediamonds.com/product/0-3-ct-round-5746/
451,451,1793029,ROUND,0.3,SI2,H,EX,EX,EX,F,4.33-4.34×2.65,937.81,https://capitalwholesalediamonds.com/product/0-3-ct-round-5290/
452,452,1598792,ROUND,0.23,VS2,E,VG,EX,VG,M,3.86-3.91×2.43,852.25,https://capitalwholesalediamonds.com/product/0-23-ct-round-2106/
453,453,1576844,ROUND,0.22,VS1,D,EX,EX,EX,N,3.92-3.94×2.36,910.94,https://capitalwholesalediamonds.com/product/0-22-ct-round-71/
454,454,1592479,ROUND,0.23,VVS2,D,EX,EX,VG,N,3.94-3.96×2.43,928.86,https://capitalwholesalediamonds.com/product/0-23-ct-round-2534/
455,455,1768781,ROUND,0.3,SI2,F,VG,VG,VG,N,4.16-4.19×2.71,907.88,https://capitalwholesalediamonds.com/product/0-3-ct-round-4403/
456,456,1670439,ROUND,0.23,VVS2,D,EX,EX,VG,N,3.92-3.96×2.44,917.16,https://capitalwholesalediamonds.com/product/0-23-ct-round-2590/
457,457,1618603,ROUND,0.23,VVS2,G,EX,EX,EX,N,3.97-4.00×2.43,900.42,https://capitalwholesalediamonds.com/product/0-23-ct-round-1645/
458,458,1675251,ROUND,0.21,VS1,E,EX,EX,EX,N,3.88-3.90×2.33,857.18,https://capitalwholesalediamonds.com/product/0-21-ct-round-147/
459,459,1664968,ROUND,0.23,VVS2,D,EX,EX,VG,N,3.93-3.96×2.40,917.16,https://capitalwholesalediamonds.com/product/0-23-ct-round-2581/
460,460,1673500,ROUND,0.23,VS1,F,EX,EX,EX,N,3.96-3.98×2.42,935.79,https://capitalwholesalediamonds.com/product/0-23-ct-round-2294/
461,461,1586078,ROUND,0.23,VS1,F,EX,EX,EX,N,3.96-3.98×2.40,925.68,https://capitalwholesalediamonds.com/product/0-23-ct-round-1522/
462,462,1773374,ROUND,0.3,VS2,H,VG,EX,GD,N,4.22-4.27×2.67,929.67,https://capitalwholesalediamonds.com/product/0-3-ct-round-5131/
463,463,1790784,ROUND,0.3,VS1,K,VG,VG,GD,F,4.30-4.37×2.54,784.19,https://capitalwholesalediamonds.com/product/0-3-ct-round-5740/
464,464,1556394,ROUND,0.23,VS2,E,EX,EX,EX,N,3.90-3.93×2.42,920.22,https://capitalwholesalediamonds.com/product/0-23-ct-round-2082/
465,465,1754096,ROUND,0.32,VS1,L,EX,EX,EX,N,4.38-4.40×2.73,857.2,https://capitalwholesalediamonds.com/product/0-32-ct-round-863/
466,466,1586562,ROUND,0.21,VVS1,E,EX,EX,EX,N,3.81-3.82×2.36,844.07,https://capitalwholesalediamonds.com/product/0-21-ct-round-65/
467,467,1789673,ROUND,0.32,VS1,K,EX,EX,EX,F,4.36-4.38×2.73,930.75,https://capitalwholesalediamonds.com/product/0-32-ct-round-855/
468,468,1763674,ROUND,0.3,SI1,H,EX,EX,EX,ST,4.25-4.29×2.65,944.42,https://capitalwholesalediamonds.com/product/0-3-ct-round-5241/
469,469,1792561,ROUND,0.3,VS2,J,VG,EX,EX,F,4.39-4.41×2.57,915.0,https://capitalwholesalediamonds.com/product/0-3-ct-round-5680/
470,470,1506829,ROUND,0.23,IF,G,EX,EX,EX,N,3.89-3.92×2.46,915.98,https://capitalwholesalediamonds.com/product/0-23-ct-round-1616/
471,471,1592384,ROUND,0.24,VVS2,G,EX,EX,EX,N,4.02-4.05×2.47,930.14,https://capitalwholesalediamonds.com/product/0-24-ct-round-1102/
472,472,1763800,ROUND,0.23,VS1,F,EX,EX,EX,N,3.94-3.96×2.39,930.75,https://capitalwholesalediamonds.com/product/0-23-ct-round-2384/
473,473,1586061,ROUND,0.23,VS1,F,EX,EX,EX,N,3.90-3.93×2.43,935.79,https://capitalwholesalediamonds.com/product/0-23-ct-round-1556/
474,474,1783689,ROUND,0.31,SI2,G,EX,EX,EX,M,4.37-4.39×2.65,877.65,https://capitalwholesalediamonds.com/product/0-31-ct-round-1053/
475,475,1703488,ROUND,0.34,SI1,H,EX,EX,EX,ST,4.44-4.46×2.78,931.58,https://capitalwholesalediamonds.com/product/0-34-ct-round-401/
476,476,1528016,ROUND,0.23,VVS2,G,EX,EX,EX,N,3.96-3.94×2.39,900.42,https://capitalwholesalediamonds.com/product/0-23-ct-round-1637/
477,477,1586164,ROUND,0.23,VS1,E,EX,EX,EX,N,3.93-3.94×2.47,941.25,https://capitalwholesalediamonds.com/product/0-23-ct-round-1981/
478,478,1775117,ROUND,0.3,VS2,J,VG,EX,EX,F,4.32-4.35×2.63,899.76,https://capitalwholesalediamonds.com/product/0-3-ct-round-5684/
479,479,1576850,ROUND,0.22,VVS2,E,EX,EX,EX,F,3.86-3.88×2.42,854.01,https://capitalwholesalediamonds.com/product/0-22-ct-round-90/
480,480,1586183,ROUND,0.23,VS1,E,EX,EX,EX,N,3.89-3.92×2.45,951.72,https://capitalwholesalediamonds.com/product/0-23-ct-round-2002/
481,481,1694081,ROUND,0.23,VS1,E,EX,EX,EX,N,3.92-3.94×2.45,935.79,https://capitalwholesalediamonds.com/product/0-23-ct-round-1980/
482,482,1586025,ROUND,0.23,VS2,E,VG,EX,EX,N,3.90-3.92×2.40,904.71,https://capitalwholesalediamonds.com/product/0-23-ct-round-2079/
483,483,1784928,ROUND,0.3,SI2,H,VG,EX,VG,N,4.24-4.28×2.69,915.52,https://capitalwholesalediamonds.com/product/0-3-ct-round-5292/
484,484,1790781,ROUND,0.31,VS1,K,EX,EX,EX,N,4.36-4.39×2.70,949.95,https://capitalwholesalediamonds.com/product/0-31-ct-round-1204/
485,485,1787655,ROUND,0.3,VS2,I,VG,EX,VG,ST,4.28-4.32×2.68,932.74,https://capitalwholesalediamonds.com/product/0-3-ct-round-5499/
486,486,1556477,ROUND,0.23,IF,G,EX,EX,EX,N,3.88-3.91×2.46,895.38,https://capitalwholesalediamonds.com/product/0-23-ct-round-1608/
487,487,1701460,ROUND,0.23,VS1,F,EX,EX,EX,N,3.93-3.94×2.43,930.75,https://capitalwholesalediamonds.com/product/0-23-ct-round-2289/
488,488,1586205,ROUND,0.19,VVS2,G,EX,EX,EX,N,3.67-3.68×2.28,801.33,https://capitalwholesalediamonds.com/product/0-19-ct-round-74/
489,489,1739934,ROUND,0.23,VVS1,G,EX,EX,EX,F,3.89-3.92×2.44,843.34,https://capitalwholesalediamonds.com/product/0-23-ct-round-1623/
490,490,1789790,ROUND,0.3,SI1,I,EX,EX,VG,N,4.33-4.35×2.65,884.11,https://capitalwholesalediamonds.com/product/0-3-ct-round-5515/
491,491,1778395,ROUND,0.3,SI1,F,VG,EX,GD,N,4.23-4.28×2.61,941.84,https://capitalwholesalediamonds.com/product/0-3-ct-round-4287/
492,492,1674054,ROUND,0.23,VS2,F,EX,EX,EX,N,3.98-4.00×2.38,920.22,https://capitalwholesalediamonds.com/product/0-23-ct-round-1581/
493,493,1679361,ROUND,0.23,VVS2,D,EX,VG,EX,N,3.93-3.94×2.47,911.38,https://capitalwholesalediamonds.com/product/0-23-ct-round-2592/
494,494,1777254,ROUND,0.3,VS2,L,EX,EX,VG,F,4.32-4.35×2.62,783.65,https://capitalwholesalediamonds.com/product/0-3-ct-round-5830/
495,495,1618636,ROUND,0.23,VS1,E,EX,EX,EX,F,4.00-4.03×2.41,925.68,https://capitalwholesalediamonds.com/product/0-23-ct-round-1146/
496,496,1674028,ROUND,0.23,VS1,E,EX,EX,EX,N,3.94-3.96×2.42,941.25,https://capitalwholesalediamonds.com/product/0-23-ct-round-1961/
497,497,1778261,ROUND,0.3,VVS2,J,GD,EX,GD,N,4.20-4.27×2.60,892.22,https://capitalwholesalediamonds.com/product/0-3-ct-round-5576/
498,498,1556400,ROUND,0.22,VS1,F,EX,EX,EX,N,3.89-3.92×2.42,894.18,https://capitalwholesalediamonds.com/product/0-22-ct-round-96/
499,499,1598809,ROUND,0.24,SI1,E,EX,EX,EX,N,3.97-4.00×2.50,808.9,https://capitalwholesalediamonds.com/product/0-24-ct-round-534/
500,500,1665017,ROUND,0.23,VS1,F,EX,EX,EX,N,3.92-3.96×2.43,941.25,https://capitalwholesalediamonds.com/product/0-23-ct-round-1476/
501,501,1598811,ROUND,0.23,SI1,E,VG,EX,VG,N,3.88-3.90×2.47,752.35,https://capitalwholesalediamonds.com/product/0-23-ct-round-1295/
502,502,1701478,ROUND,0.24,VS2,F,EX,EX,EX,N,4.03-4.06×2.47,940.3,https://capitalwholesalediamonds.com/product/0-24-ct-round-689/
503,503,1645415,ROUND,0.24,VS1,F,EX,EX,EX,N,3.99-4.01×2.46,951.23,https://capitalwholesalediamonds.com/product/0-24-ct-round-1045/
504,504,1793014,ROUND,0.3,SI1,I,VG,EX,VG,F,4.20-4.24×2.67,930.75,https://capitalwholesalediamonds.com/product/0-3-ct-round-5520/
505,505,1763797,ROUND,0.23,VS1,F,EX,EX,EX,N,3.91-3.94×2.42,930.75,https://capitalwholesalediamonds.com/product/0-23-ct-round-1479/
506,506,1732570,ROUND,0.24,VS2,F,EX,EX,EX,N,3.96-3.97×2.49,940.3,https://capitalwholesalediamonds.com/product/0-24-ct-round-1068/
507,507,1586177,ROUND,0.23,VS1,E,EX,EX,EX,N,3.92-3.95×2.49,935.79,https://capitalwholesalediamonds.com/product/0-23-ct-round-1987/
508,508,1586493,ROUND,0.23,VVS1,H,EX,EX,EX,N,3.95-3.98×2.39,884.87,https://capitalwholesalediamonds.com/product/0-23-ct-round-1683/
